hedef,ufuk,sera,esik_turu,kural,esik,yon,risk,aksiyon,kisit,guven,guven_gerekce,aralik_genislik,kaynak
Tair,3h,AICU,ZARF,Tair > 27.900,27.9,yuksek,Bu seranin normal calisma araliginin ustune cikiyor,Havalandirmayi artir veya perde ile golgele,Havalandirma nem ve CO2 kaybina yol acar,KALITATIF,"kapsama 0.93, aralik/deger %25",5.406,veri (sera p5-p95)
Tair,3h,AICU,ZARF,Tair < 17.900,17.9,dusuk,Bu seranin normal calisma araliginin altina iniyor,Isitmayi artir veya enerji perdesini kapat,Isitma en buyuk enerji kalemidir (bkz. strateji raporu),KALITATIF,"kapsama 0.93, aralik/deger %25",5.406,veri (sera p5-p95)
Tair,3h,Automatoes,ZARF,Tair > 31.100,31.1,yuksek,Bu seranin normal calisma araliginin ustune cikiyor,Havalandirmayi artir veya perde ile golgele,Havalandirma nem ve CO2 kaybina yol acar,KALITATIF,"kapsama 0.93, aralik/deger %25",5.406,veri (sera p5-p95)
Tair,3h,Automatoes,ZARF,Tair < 16.400,16.4,dusuk,Bu seranin normal calisma araliginin altina iniyor,Isitmayi artir veya enerji perdesini kapat,Isitma en buyuk enerji kalemidir (bkz. strateji raporu),KALITATIF,"kapsama 0.93, aralik/deger %25",5.406,veri (sera p5-p95)
Tair,3h,Digilog,ZARF,Tair > 28.200,28.2,yuksek,Bu seranin normal calisma araliginin ustune cikiyor,Havalandirmayi artir veya perde ile golgele,Havalandirma nem ve CO2 kaybina yol acar,KALITATIF,"kapsama 0.93, aralik/deger %25",5.406,veri (sera p5-p95)
Tair,3h,Digilog,ZARF,Tair < 17.300,17.3,dusuk,Bu seranin normal calisma araliginin altina iniyor,Isitmayi artir veya enerji perdesini kapat,Isitma en buyuk enerji kalemidir (bkz. strateji raporu),KALITATIF,"kapsama 0.93, aralik/deger %25",5.406,veri (sera p5-p95)
Tair,3h,IUACAAS,ZARF,Tair > 28.400,28.4,yuksek,Bu seranin normal calisma araliginin ustune cikiyor,Havalandirmayi artir veya perde ile golgele,Havalandirma nem ve CO2 kaybina yol acar,KALITATIF,"kapsama 0.93, aralik/deger %25",5.406,veri (sera p5-p95)
Tair,3h,IUACAAS,ZARF,Tair < 15.700,15.7,dusuk,Bu seranin normal calisma araliginin altina iniyor,Isitmayi artir veya enerji perdesini kapat,Isitma en buyuk enerji kalemidir (bkz. strateji raporu),KALITATIF,"kapsama 0.93, aralik/deger %25",5.406,veri (sera p5-p95)
Tair,3h,Reference,ZARF,Tair > 27.900,27.9,yuksek,Bu seranin normal calisma araliginin ustune cikiyor,Havalandirmayi artir veya perde ile golgele,Havalandirma nem ve CO2 kaybina yol acar,KALITATIF,"kapsama 0.93, aralik/deger %25",5.406,veri (sera p5-p95)
Tair,3h,Reference,ZARF,Tair < 16.000,16.0,dusuk,Bu seranin normal calisma araliginin altina iniyor,Isitmayi artir veya enerji perdesini kapat,Isitma en buyuk enerji kalemidir (bkz. strateji raporu),KALITATIF,"kapsama 0.93, aralik/deger %25",5.406,veri (sera p5-p95)
Tair,3h,TheAutomators,ZARF,Tair > 26.600,26.6,yuksek,Bu seranin normal calisma araliginin ustune cikiyor,Havalandirmayi artir veya perde ile golgele,Havalandirma nem ve CO2 kaybina yol acar,KALITATIF,"kapsama 0.93, aralik/deger %25",5.406,veri (sera p5-p95)
Tair,3h,TheAutomators,ZARF,Tair < 16.900,16.9,dusuk,Bu seranin normal calisma araliginin altina iniyor,Isitmayi artir veya enerji perdesini kapat,Isitma en buyuk enerji kalemidir (bkz. strateji raporu),KALITATIF,"kapsama 0.93, aralik/deger %25",5.406,veri (sera p5-p95)
Tair,3h,TUMU,HASAR,Tair > 35.0,35.0,yuksek,Yuksek sicaklikta protein denaturasyonu ve polen sterilitesi,Havalandirmayi artir veya perde ile golgele,Havalandirma nem ve CO2 kaybina yol acar,KALITATIF,"kapsama 0.93, aralik/deger %25",5.406,literatur (TASLAK — teyit edilecek)
Tair,3h,TUMU,HASAR,Tair < 10.0,10.0,dusuk,"Dusuk sicaklikta buyume durur, soguk hasari riski",Isitmayi artir veya enerji perdesini kapat,Isitma en buyuk enerji kalemidir (bkz. strateji raporu),KALITATIF,"kapsama 0.93, aralik/deger %25",5.406,literatur (TASLAK — teyit edilecek)
Tair,6h,AICU,ZARF,Tair > 27.900,27.9,yuksek,Bu seranin normal calisma araliginin ustune cikiyor,Havalandirmayi artir veya perde ile golgele,Havalandirma nem ve CO2 kaybina yol acar,KALITATIF,"kapsama 0.91, aralik/deger %27",5.829,veri (sera p5-p95)
Tair,6h,AICU,ZARF,Tair < 17.900,17.9,dusuk,Bu seranin normal calisma araliginin altina iniyor,Isitmayi artir veya enerji perdesini kapat,Isitma en buyuk enerji kalemidir (bkz. strateji raporu),KALITATIF,"kapsama 0.91, aralik/deger %27",5.829,veri (sera p5-p95)
Tair,6h,Automatoes,ZARF,Tair > 31.100,31.1,yuksek,Bu seranin normal calisma araliginin ustune cikiyor,Havalandirmayi artir veya perde ile golgele,Havalandirma nem ve CO2 kaybina yol acar,KALITATIF,"kapsama 0.91, aralik/deger %27",5.829,veri (sera p5-p95)
Tair,6h,Automatoes,ZARF,Tair < 16.400,16.4,dusuk,Bu seranin normal calisma araliginin altina iniyor,Isitmayi artir veya enerji perdesini kapat,Isitma en buyuk enerji kalemidir (bkz. strateji raporu),KALITATIF,"kapsama 0.91, aralik/deger %27",5.829,veri (sera p5-p95)
Tair,6h,Digilog,ZARF,Tair > 28.200,28.2,yuksek,Bu seranin normal calisma araliginin ustune cikiyor,Havalandirmayi artir veya perde ile golgele,Havalandirma nem ve CO2 kaybina yol acar,KALITATIF,"kapsama 0.91, aralik/deger %27",5.829,veri (sera p5-p95)
Tair,6h,Digilog,ZARF,Tair < 17.300,17.3,dusuk,Bu seranin normal calisma araliginin altina iniyor,Isitmayi artir veya enerji perdesini kapat,Isitma en buyuk enerji kalemidir (bkz. strateji raporu),KALITATIF,"kapsama 0.91, aralik/deger %27",5.829,veri (sera p5-p95)
Tair,6h,IUACAAS,ZARF,Tair > 28.400,28.4,yuksek,Bu seranin normal calisma araliginin ustune cikiyor,Havalandirmayi artir veya perde ile golgele,Havalandirma nem ve CO2 kaybina yol acar,KALITATIF,"kapsama 0.91, aralik/deger %27",5.829,veri (sera p5-p95)
Tair,6h,IUACAAS,ZARF,Tair < 15.700,15.7,dusuk,Bu seranin normal calisma araliginin altina iniyor,Isitmayi artir veya enerji perdesini kapat,Isitma en buyuk enerji kalemidir (bkz. strateji raporu),KALITATIF,"kapsama 0.91, aralik/deger %27",5.829,veri (sera p5-p95)
Tair,6h,Reference,ZARF,Tair > 27.900,27.9,yuksek,Bu seranin normal calisma araliginin ustune cikiyor,Havalandirmayi artir veya perde ile golgele,Havalandirma nem ve CO2 kaybina yol acar,KALITATIF,"kapsama 0.91, aralik/deger %27",5.829,veri (sera p5-p95)
Tair,6h,Reference,ZARF,Tair < 16.000,16.0,dusuk,Bu seranin normal calisma araliginin altina iniyor,Isitmayi artir veya enerji perdesini kapat,Isitma en buyuk enerji kalemidir (bkz. strateji raporu),KALITATIF,"kapsama 0.91, aralik/deger %27",5.829,veri (sera p5-p95)
Tair,6h,TheAutomators,ZARF,Tair > 26.600,26.6,yuksek,Bu seranin normal calisma araliginin ustune cikiyor,Havalandirmayi artir veya perde ile golgele,Havalandirma nem ve CO2 kaybina yol acar,KALITATIF,"kapsama 0.91, aralik/deger %27",5.829,veri (sera p5-p95)
Tair,6h,TheAutomators,ZARF,Tair < 16.900,16.9,dusuk,Bu seranin normal calisma araliginin altina iniyor,Isitmayi artir veya enerji perdesini kapat,Isitma en buyuk enerji kalemidir (bkz. strateji raporu),KALITATIF,"kapsama 0.91, aralik/deger %27",5.829,veri (sera p5-p95)
Tair,6h,TUMU,HASAR,Tair > 35.0,35.0,yuksek,Yuksek sicaklikta protein denaturasyonu ve polen sterilitesi,Havalandirmayi artir veya perde ile golgele,Havalandirma nem ve CO2 kaybina yol acar,KALITATIF,"kapsama 0.91, aralik/deger %27",5.829,literatur (TASLAK — teyit edilecek)
Tair,6h,TUMU,HASAR,Tair < 10.0,10.0,dusuk,"Dusuk sicaklikta buyume durur, soguk hasari riski",Isitmayi artir veya enerji perdesini kapat,Isitma en buyuk enerji kalemidir (bkz. strateji raporu),KALITATIF,"kapsama 0.91, aralik/deger %27",5.829,literatur (TASLAK — teyit edilecek)
Rhair,3h,AICU,ZARF,Rhair > 94.500,94.5,yuksek,Bu seranin normal calisma araliginin ustune cikiyor,— aksiyon tanimlanmadi,—,KALITATIF,"kapsama 0.98, aralik/deger %49",41.71,veri (sera p5-p95)
Rhair,3h,AICU,ZARF,Rhair < 65.800,65.8,dusuk,Bu seranin normal calisma araliginin altina iniyor,— aksiyon tanimlanmadi,—,KALITATIF,"kapsama 0.98, aralik/deger %49",41.71,veri (sera p5-p95)
Rhair,3h,Automatoes,ZARF,Rhair > 92.800,92.8,yuksek,Bu seranin normal calisma araliginin ustune cikiyor,— aksiyon tanimlanmadi,—,KALITATIF,"kapsama 0.98, aralik/deger %49",41.71,veri (sera p5-p95)
Rhair,3h,Automatoes,ZARF,Rhair < 67.900,67.9,dusuk,Bu seranin normal calisma araliginin altina iniyor,— aksiyon tanimlanmadi,—,KALITATIF,"kapsama 0.98, aralik/deger %49",41.71,veri (sera p5-p95)
Rhair,3h,Digilog,ZARF,Rhair > 91.500,91.5,yuksek,Bu seranin normal calisma araliginin ustune cikiyor,— aksiyon tanimlanmadi,—,KALITATIF,"kapsama 0.98, aralik/deger %49",41.71,veri (sera p5-p95)
Rhair,3h,Digilog,ZARF,Rhair < 63.200,63.2,dusuk,Bu seranin normal calisma araliginin altina iniyor,— aksiyon tanimlanmadi,—,KALITATIF,"kapsama 0.98, aralik/deger %49",41.71,veri (sera p5-p95)
Rhair,3h,IUACAAS,ZARF,Rhair > 95.100,95.1,yuksek,Bu seranin normal calisma araliginin ustune cikiyor,— aksiyon tanimlanmadi,—,KALITATIF,"kapsama 0.98, aralik/deger %49",41.71,veri (sera p5-p95)
Rhair,3h,IUACAAS,ZARF,Rhair < 66.300,66.3,dusuk,Bu seranin normal calisma araliginin altina iniyor,— aksiyon tanimlanmadi,—,KALITATIF,"kapsama 0.98, aralik/deger %49",41.71,veri (sera p5-p95)
Rhair,3h,Reference,ZARF,Rhair > 94.200,94.2,yuksek,Bu seranin normal calisma araliginin ustune cikiyor,— aksiyon tanimlanmadi,—,KALITATIF,"kapsama 0.98, aralik/deger %49",41.71,veri (sera p5-p95)
Rhair,3h,Reference,ZARF,Rhair < 54.800,54.8,dusuk,Bu seranin normal calisma araliginin altina iniyor,— aksiyon tanimlanmadi,—,KALITATIF,"kapsama 0.98, aralik/deger %49",41.71,veri (sera p5-p95)
Rhair,3h,TheAutomators,ZARF,Rhair > 93.300,93.3,yuksek,Bu seranin normal calisma araliginin ustune cikiyor,— aksiyon tanimlanmadi,—,KALITATIF,"kapsama 0.98, aralik/deger %49",41.71,veri (sera p5-p95)
Rhair,3h,TheAutomators,ZARF,Rhair < 55.100,55.1,dusuk,Bu seranin normal calisma araliginin altina iniyor,— aksiyon tanimlanmadi,—,KALITATIF,"kapsama 0.98, aralik/deger %49",41.71,veri (sera p5-p95)
Rhair,3h,TUMU,HASAR,Rhair > 95.0,95.0,yuksek,"Yaprak yuzeyinde yogusma, mantar enfeksiyonu icin ideal kosul",— aksiyon tanimlanmadi,—,KALITATIF,"kapsama 0.98, aralik/deger %49",41.71,literatur (TASLAK — teyit edilecek)
Rhair,6h,AICU,ZARF,Rhair > 94.500,94.5,yuksek,Bu seranin normal calisma araliginin ustune cikiyor,— aksiyon tanimlanmadi,—,KALITATIF,"backtest_kaniti: sureli-pencere precision=0.688 (kalibrasyon testi KAPSAM_DISI derken, gercek geriye-donuk performans KALITATIF seviyesini destekliyor)",47.899,veri (sera p5-p95)
Rhair,6h,AICU,ZARF,Rhair < 65.800,65.8,dusuk,Bu seranin normal calisma araliginin altina iniyor,— aksiyon tanimlanmadi,—,KALITATIF,"backtest_kaniti: sureli-pencere precision=0.688 (kalibrasyon testi KAPSAM_DISI derken, gercek geriye-donuk performans KALITATIF seviyesini destekliyor)",47.899,veri (sera p5-p95)
Rhair,6h,Automatoes,ZARF,Rhair > 92.800,92.8,yuksek,Bu seranin normal calisma araliginin ustune cikiyor,— aksiyon tanimlanmadi,—,KALITATIF,"backtest_kaniti: sureli-pencere precision=0.688 (kalibrasyon testi KAPSAM_DISI derken, gercek geriye-donuk performans KALITATIF seviyesini destekliyor)",47.899,veri (sera p5-p95)
Rhair,6h,Automatoes,ZARF,Rhair < 67.900,67.9,dusuk,Bu seranin normal calisma araliginin altina iniyor,— aksiyon tanimlanmadi,—,KALITATIF,"backtest_kaniti: sureli-pencere precision=0.688 (kalibrasyon testi KAPSAM_DISI derken, gercek geriye-donuk performans KALITATIF seviyesini destekliyor)",47.899,veri (sera p5-p95)
Rhair,6h,Digilog,ZARF,Rhair > 91.500,91.5,yuksek,Bu seranin normal calisma araliginin ustune cikiyor,— aksiyon tanimlanmadi,—,KALITATIF,"backtest_kaniti: sureli-pencere precision=0.688 (kalibrasyon testi KAPSAM_DISI derken, gercek geriye-donuk performans KALITATIF seviyesini destekliyor)",47.899,veri (sera p5-p95)
Rhair,6h,Digilog,ZARF,Rhair < 63.200,63.2,dusuk,Bu seranin normal calisma araliginin altina iniyor,— aksiyon tanimlanmadi,—,KALITATIF,"backtest_kaniti: sureli-pencere precision=0.688 (kalibrasyon testi KAPSAM_DISI derken, gercek geriye-donuk performans KALITATIF seviyesini destekliyor)",47.899,veri (sera p5-p95)
Rhair,6h,IUACAAS,ZARF,Rhair > 95.100,95.1,yuksek,Bu seranin normal calisma araliginin ustune cikiyor,— aksiyon tanimlanmadi,—,KALITATIF,"backtest_kaniti: sureli-pencere precision=0.688 (kalibrasyon testi KAPSAM_DISI derken, gercek geriye-donuk performans KALITATIF seviyesini destekliyor)",47.899,veri (sera p5-p95)
Rhair,6h,IUACAAS,ZARF,Rhair < 66.300,66.3,dusuk,Bu seranin normal calisma araliginin altina iniyor,— aksiyon tanimlanmadi,—,KALITATIF,"backtest_kaniti: sureli-pencere precision=0.688 (kalibrasyon testi KAPSAM_DISI derken, gercek geriye-donuk performans KALITATIF seviyesini destekliyor)",47.899,veri (sera p5-p95)
Rhair,6h,Reference,ZARF,Rhair > 94.200,94.2,yuksek,Bu seranin normal calisma araliginin ustune cikiyor,— aksiyon tanimlanmadi,—,KALITATIF,"backtest_kaniti: sureli-pencere precision=0.688 (kalibrasyon testi KAPSAM_DISI derken, gercek geriye-donuk performans KALITATIF seviyesini destekliyor)",47.899,veri (sera p5-p95)
Rhair,6h,Reference,ZARF,Rhair < 54.800,54.8,dusuk,Bu seranin normal calisma araliginin altina iniyor,— aksiyon tanimlanmadi,—,KALITATIF,"backtest_kaniti: sureli-pencere precision=0.688 (kalibrasyon testi KAPSAM_DISI derken, gercek geriye-donuk performans KALITATIF seviyesini destekliyor)",47.899,veri (sera p5-p95)
Rhair,6h,TheAutomators,ZARF,Rhair > 93.300,93.3,yuksek,Bu seranin normal calisma araliginin ustune cikiyor,— aksiyon tanimlanmadi,—,KALITATIF,"backtest_kaniti: sureli-pencere precision=0.688 (kalibrasyon testi KAPSAM_DISI derken, gercek geriye-donuk performans KALITATIF seviyesini destekliyor)",47.899,veri (sera p5-p95)
Rhair,6h,TheAutomators,ZARF,Rhair < 55.100,55.1,dusuk,Bu seranin normal calisma araliginin altina iniyor,— aksiyon tanimlanmadi,—,KALITATIF,"backtest_kaniti: sureli-pencere precision=0.688 (kalibrasyon testi KAPSAM_DISI derken, gercek geriye-donuk performans KALITATIF seviyesini destekliyor)",47.899,veri (sera p5-p95)
Rhair,6h,TUMU,HASAR,Rhair > 95.0,95.0,yuksek,"Yaprak yuzeyinde yogusma, mantar enfeksiyonu icin ideal kosul",— aksiyon tanimlanmadi,—,KALITATIF,"backtest_kaniti: sureli-pencere precision=0.688 (kalibrasyon testi KAPSAM_DISI derken, gercek geriye-donuk performans KALITATIF seviyesini destekliyor)",47.899,literatur (TASLAK — teyit edilecek)
CO2air,3h,AICU,ZARF,CO2air > 1075.000,1075.0,yuksek,Bu seranin normal calisma araliginin ustune cikiyor,— aksiyon tanimlanmadi,—,KALITATIF,"backtest_kaniti: sureli-pencere precision=0.766 (kalibrasyon testi KAPSAM_DISI derken, gercek geriye-donuk performans KALITATIF seviyesini destekliyor)",817.159,veri (sera p5-p95)
CO2air,3h,AICU,ZARF,CO2air < 492.000,492.0,dusuk,Bu seranin normal calisma araliginin altina iniyor,— aksiyon tanimlanmadi,—,KALITATIF,"backtest_kaniti: sureli-pencere precision=0.766 (kalibrasyon testi KAPSAM_DISI derken, gercek geriye-donuk performans KALITATIF seviyesini destekliyor)",817.159,veri (sera p5-p95)
CO2air,3h,Automatoes,ZARF,CO2air > 989.900,989.9,yuksek,Bu seranin normal calisma araliginin ustune cikiyor,— aksiyon tanimlanmadi,—,KALITATIF,"backtest_kaniti: sureli-pencere precision=0.766 (kalibrasyon testi KAPSAM_DISI derken, gercek geriye-donuk performans KALITATIF seviyesini destekliyor)",817.159,veri (sera p5-p95)
CO2air,3h,Automatoes,ZARF,CO2air < 490.000,490.0,dusuk,Bu seranin normal calisma araliginin altina iniyor,— aksiyon tanimlanmadi,—,KALITATIF,"backtest_kaniti: sureli-pencere precision=0.766 (kalibrasyon testi KAPSAM_DISI derken, gercek geriye-donuk performans KALITATIF seviyesini destekliyor)",817.159,veri (sera p5-p95)
CO2air,3h,Digilog,ZARF,CO2air > 793.000,793.0,yuksek,Bu seranin normal calisma araliginin ustune cikiyor,— aksiyon tanimlanmadi,—,KALITATIF,"backtest_kaniti: sureli-pencere precision=0.766 (kalibrasyon testi KAPSAM_DISI derken, gercek geriye-donuk performans KALITATIF seviyesini destekliyor)",817.159,veri (sera p5-p95)
CO2air,3h,Digilog,ZARF,CO2air < 406.000,406.0,dusuk,Bu seranin normal calisma araliginin altina iniyor,— aksiyon tanimlanmadi,—,KALITATIF,"backtest_kaniti: sureli-pencere precision=0.766 (kalibrasyon testi KAPSAM_DISI derken, gercek geriye-donuk performans KALITATIF seviyesini destekliyor)",817.159,veri (sera p5-p95)
CO2air,3h,IUACAAS,ZARF,CO2air > 872.000,872.0,yuksek,Bu seranin normal calisma araliginin ustune cikiyor,— aksiyon tanimlanmadi,—,KALITATIF,"backtest_kaniti: sureli-pencere precision=0.766 (kalibrasyon testi KAPSAM_DISI derken, gercek geriye-donuk performans KALITATIF seviyesini destekliyor)",817.159,veri (sera p5-p95)
CO2air,3h,IUACAAS,ZARF,CO2air < 427.000,427.0,dusuk,Bu seranin normal calisma araliginin altina iniyor,— aksiyon tanimlanmadi,—,KALITATIF,"backtest_kaniti: sureli-pencere precision=0.766 (kalibrasyon testi KAPSAM_DISI derken, gercek geriye-donuk performans KALITATIF seviyesini destekliyor)",817.159,veri (sera p5-p95)
CO2air,3h,Reference,ZARF,CO2air > 916.000,916.0,yuksek,Bu seranin normal calisma araliginin ustune cikiyor,— aksiyon tanimlanmadi,—,KALITATIF,"backtest_kaniti: sureli-pencere precision=0.766 (kalibrasyon testi KAPSAM_DISI derken, gercek geriye-donuk performans KALITATIF seviyesini destekliyor)",817.159,veri (sera p5-p95)
CO2air,3h,Reference,ZARF,CO2air < 468.000,468.0,dusuk,Bu seranin normal calisma araliginin altina iniyor,— aksiyon tanimlanmadi,—,KALITATIF,"backtest_kaniti: sureli-pencere precision=0.766 (kalibrasyon testi KAPSAM_DISI derken, gercek geriye-donuk performans KALITATIF seviyesini destekliyor)",817.159,veri (sera p5-p95)
CO2air,3h,TheAutomators,ZARF,CO2air > 998.000,998.0,yuksek,Bu seranin normal calisma araliginin ustune cikiyor,— aksiyon tanimlanmadi,—,KALITATIF,"backtest_kaniti: sureli-pencere precision=0.766 (kalibrasyon testi KAPSAM_DISI derken, gercek geriye-donuk performans KALITATIF seviyesini destekliyor)",817.159,veri (sera p5-p95)
CO2air,3h,TheAutomators,ZARF,CO2air < 465.000,465.0,dusuk,Bu seranin normal calisma araliginin altina iniyor,— aksiyon tanimlanmadi,—,KALITATIF,"backtest_kaniti: sureli-pencere precision=0.766 (kalibrasyon testi KAPSAM_DISI derken, gercek geriye-donuk performans KALITATIF seviyesini destekliyor)",817.159,veri (sera p5-p95)
CO2air,6h,AICU,ZARF,CO2air > 1075.000,1075.0,yuksek,Bu seranin normal calisma araliginin ustune cikiyor,— aksiyon tanimlanmadi,—,KALITATIF,"backtest_kaniti: sureli-pencere precision=0.774 (kalibrasyon testi KAPSAM_DISI derken, gercek geriye-donuk performans KALITATIF seviyesini destekliyor)",789.733,veri (sera p5-p95)
CO2air,6h,AICU,ZARF,CO2air < 492.000,492.0,dusuk,Bu seranin normal calisma araliginin altina iniyor,— aksiyon tanimlanmadi,—,KALITATIF,"backtest_kaniti: sureli-pencere precision=0.774 (kalibrasyon testi KAPSAM_DISI derken, gercek geriye-donuk performans KALITATIF seviyesini destekliyor)",789.733,veri (sera p5-p95)
CO2air,6h,Automatoes,ZARF,CO2air > 989.900,989.9,yuksek,Bu seranin normal calisma araliginin ustune cikiyor,— aksiyon tanimlanmadi,—,KALITATIF,"backtest_kaniti: sureli-pencere precision=0.774 (kalibrasyon testi KAPSAM_DISI derken, gercek geriye-donuk performans KALITATIF seviyesini destekliyor)",789.733,veri (sera p5-p95)
CO2air,6h,Automatoes,ZARF,CO2air < 490.000,490.0,dusuk,Bu seranin normal calisma araliginin altina iniyor,— aksiyon tanimlanmadi,—,KALITATIF,"backtest_kaniti: sureli-pencere precision=0.774 (kalibrasyon testi KAPSAM_DISI derken, gercek geriye-donuk performans KALITATIF seviyesini destekliyor)",789.733,veri (sera p5-p95)
CO2air,6h,Digilog,ZARF,CO2air > 793.000,793.0,yuksek,Bu seranin normal calisma araliginin ustune cikiyor,— aksiyon tanimlanmadi,—,KALITATIF,"backtest_kaniti: sureli-pencere precision=0.774 (kalibrasyon testi KAPSAM_DISI derken, gercek geriye-donuk performans KALITATIF seviyesini destekliyor)",789.733,veri (sera p5-p95)
CO2air,6h,Digilog,ZARF,CO2air < 406.000,406.0,dusuk,Bu seranin normal calisma araliginin altina iniyor,— aksiyon tanimlanmadi,—,KALITATIF,"backtest_kaniti: sureli-pencere precision=0.774 (kalibrasyon testi KAPSAM_DISI derken, gercek geriye-donuk performans KALITATIF seviyesini destekliyor)",789.733,veri (sera p5-p95)
CO2air,6h,IUACAAS,ZARF,CO2air > 872.000,872.0,yuksek,Bu seranin normal calisma araliginin ustune cikiyor,— aksiyon tanimlanmadi,—,KALITATIF,"backtest_kaniti: sureli-pencere precision=0.774 (kalibrasyon testi KAPSAM_DISI derken, gercek geriye-donuk performans KALITATIF seviyesini destekliyor)",789.733,veri (sera p5-p95)
CO2air,6h,IUACAAS,ZARF,CO2air < 427.000,427.0,dusuk,Bu seranin normal calisma araliginin altina iniyor,— aksiyon tanimlanmadi,—,KALITATIF,"backtest_kaniti: sureli-pencere precision=0.774 (kalibrasyon testi KAPSAM_DISI derken, gercek geriye-donuk performans KALITATIF seviyesini destekliyor)",789.733,veri (sera p5-p95)
CO2air,6h,Reference,ZARF,CO2air > 916.000,916.0,yuksek,Bu seranin normal calisma araliginin ustune cikiyor,— aksiyon tanimlanmadi,—,KALITATIF,"backtest_kaniti: sureli-pencere precision=0.774 (kalibrasyon testi KAPSAM_DISI derken, gercek geriye-donuk performans KALITATIF seviyesini destekliyor)",789.733,veri (sera p5-p95)
CO2air,6h,Reference,ZARF,CO2air < 468.000,468.0,dusuk,Bu seranin normal calisma araliginin altina iniyor,— aksiyon tanimlanmadi,—,KALITATIF,"backtest_kaniti: sureli-pencere precision=0.774 (kalibrasyon testi KAPSAM_DISI derken, gercek geriye-donuk performans KALITATIF seviyesini destekliyor)",789.733,veri (sera p5-p95)
CO2air,6h,TheAutomators,ZARF,CO2air > 998.000,998.0,yuksek,Bu seranin normal calisma araliginin ustune cikiyor,— aksiyon tanimlanmadi,—,KALITATIF,"backtest_kaniti: sureli-pencere precision=0.774 (kalibrasyon testi KAPSAM_DISI derken, gercek geriye-donuk performans KALITATIF seviyesini destekliyor)",789.733,veri (sera p5-p95)
CO2air,6h,TheAutomators,ZARF,CO2air < 465.000,465.0,dusuk,Bu seranin normal calisma araliginin altina iniyor,— aksiyon tanimlanmadi,—,KALITATIF,"backtest_kaniti: sureli-pencere precision=0.774 (kalibrasyon testi KAPSAM_DISI derken, gercek geriye-donuk performans KALITATIF seviyesini destekliyor)",789.733,veri (sera p5-p95)
HumDef,3h,AICU,ZARF,HumDef > 7.800,7.8,yuksek,Bu seranin normal calisma araliginin ustune cikiyor,Nemlendirme veya havalandirmayi azalt,Yuksek nem mantar riskini artirir,KALITATIF,"backtest_kaniti: sureli-pencere precision=0.749 (kalibrasyon testi KAPSAM_DISI derken, gercek geriye-donuk performans KALITATIF seviyesini destekliyor)",11.01,veri (sera p5-p95)
HumDef,3h,AICU,ZARF,HumDef < 0.900,0.9,dusuk,Bu seranin normal calisma araliginin altina iniyor,Havalandirma veya isitma ile nem acigini yukselt,Ikisi de enerji maliyeti yaratir,KALITATIF,"backtest_kaniti: sureli-pencere precision=0.749 (kalibrasyon testi KAPSAM_DISI derken, gercek geriye-donuk performans KALITATIF seviyesini destekliyor)",11.01,veri (sera p5-p95)
HumDef,3h,Automatoes,ZARF,HumDef > 8.300,8.3,yuksek,Bu seranin normal calisma araliginin ustune cikiyor,Nemlendirme veya havalandirmayi azalt,Yuksek nem mantar riskini artirir,KALITATIF,"backtest_kaniti: sureli-pencere precision=0.749 (kalibrasyon testi KAPSAM_DISI derken, gercek geriye-donuk performans KALITATIF seviyesini destekliyor)",11.01,veri (sera p5-p95)
HumDef,3h,Automatoes,ZARF,HumDef < 1.200,1.2,dusuk,Bu seranin normal calisma araliginin altina iniyor,Havalandirma veya isitma ile nem acigini yukselt,Ikisi de enerji maliyeti yaratir,KALITATIF,"backtest_kaniti: sureli-pencere precision=0.749 (kalibrasyon testi KAPSAM_DISI derken, gercek geriye-donuk performans KALITATIF seviyesini destekliyor)",11.01,veri (sera p5-p95)
HumDef,3h,Digilog,ZARF,HumDef > 8.500,8.5,yuksek,Bu seranin normal calisma araliginin ustune cikiyor,Nemlendirme veya havalandirmayi azalt,Yuksek nem mantar riskini artirir,KALITATIF,"backtest_kaniti: sureli-pencere precision=0.749 (kalibrasyon testi KAPSAM_DISI derken, gercek geriye-donuk performans KALITATIF seviyesini destekliyor)",11.01,veri (sera p5-p95)
HumDef,3h,Digilog,ZARF,HumDef < 1.400,1.4,dusuk,Bu seranin normal calisma araliginin altina iniyor,Havalandirma veya isitma ile nem acigini yukselt,Ikisi de enerji maliyeti yaratir,KALITATIF,"backtest_kaniti: sureli-pencere precision=0.749 (kalibrasyon testi KAPSAM_DISI derken, gercek geriye-donuk performans KALITATIF seviyesini destekliyor)",11.01,veri (sera p5-p95)
HumDef,3h,IUACAAS,ZARF,HumDef > 8.300,8.3,yuksek,Bu seranin normal calisma araliginin ustune cikiyor,Nemlendirme veya havalandirmayi azalt,Yuksek nem mantar riskini artirir,KALITATIF,"backtest_kaniti: sureli-pencere precision=0.749 (kalibrasyon testi KAPSAM_DISI derken, gercek geriye-donuk performans KALITATIF seviyesini destekliyor)",11.01,veri (sera p5-p95)
HumDef,3h,IUACAAS,ZARF,HumDef < 0.700,0.7,dusuk,Bu seranin normal calisma araliginin altina iniyor,Havalandirma veya isitma ile nem acigini yukselt,Ikisi de enerji maliyeti yaratir,KALITATIF,"backtest_kaniti: sureli-pencere precision=0.749 (kalibrasyon testi KAPSAM_DISI derken, gercek geriye-donuk performans KALITATIF seviyesini destekliyor)",11.01,veri (sera p5-p95)
HumDef,3h,Reference,ZARF,HumDef > 11.000,11.0,yuksek,Bu seranin normal calisma araliginin ustune cikiyor,Nemlendirme veya havalandirmayi azalt,Yuksek nem mantar riskini artirir,KALITATIF,"backtest_kaniti: sureli-pencere precision=0.749 (kalibrasyon testi KAPSAM_DISI derken, gercek geriye-donuk performans KALITATIF seviyesini destekliyor)",11.01,veri (sera p5-p95)
HumDef,3h,Reference,ZARF,HumDef < 1.100,1.1,dusuk,Bu seranin normal calisma araliginin altina iniyor,Havalandirma veya isitma ile nem acigini yukselt,Ikisi de enerji maliyeti yaratir,KALITATIF,"backtest_kaniti: sureli-pencere precision=0.749 (kalibrasyon testi KAPSAM_DISI derken, gercek geriye-donuk performans KALITATIF seviyesini destekliyor)",11.01,veri (sera p5-p95)
HumDef,3h,TheAutomators,ZARF,HumDef > 11.000,11.0,yuksek,Bu seranin normal calisma araliginin ustune cikiyor,Nemlendirme veya havalandirmayi azalt,Yuksek nem mantar riskini artirir,KALITATIF,"backtest_kaniti: sureli-pencere precision=0.749 (kalibrasyon testi KAPSAM_DISI derken, gercek geriye-donuk performans KALITATIF seviyesini destekliyor)",11.01,veri (sera p5-p95)
HumDef,3h,TheAutomators,ZARF,HumDef < 1.000,1.0,dusuk,Bu seranin normal calisma araliginin altina iniyor,Havalandirma veya isitma ile nem acigini yukselt,Ikisi de enerji maliyeti yaratir,KALITATIF,"backtest_kaniti: sureli-pencere precision=0.749 (kalibrasyon testi KAPSAM_DISI derken, gercek geriye-donuk performans KALITATIF seviyesini destekliyor)",11.01,veri (sera p5-p95)
HumDef,3h,TUMU,HASAR,HumDef < 1.0,1.0,dusuk,"Nem acigi cok dusuk: terleme durur, besin tasinimi aksar",Havalandirma veya isitma ile nem acigini yukselt,Ikisi de enerji maliyeti yaratir,KALITATIF,"backtest_kaniti: sureli-pencere precision=0.749 (kalibrasyon testi KAPSAM_DISI derken, gercek geriye-donuk performans KALITATIF seviyesini destekliyor)",11.01,literatur (TASLAK — teyit edilecek)
HumDef,3h,TUMU,HASAR,HumDef > 15.0,15.0,yuksek,"Cok yuksek nem acigi: stoma kapanir, fotosentez durur",Nemlendirme veya havalandirmayi azalt,Yuksek nem mantar riskini artirir,KALITATIF,"backtest_kaniti: sureli-pencere precision=0.749 (kalibrasyon testi KAPSAM_DISI derken, gercek geriye-donuk performans KALITATIF seviyesini destekliyor)",11.01,literatur (TASLAK — teyit edilecek)
HumDef,6h,AICU,ZARF,HumDef > 7.800,7.8,yuksek,Bu seranin normal calisma araliginin ustune cikiyor,Nemlendirme veya havalandirmayi azalt,Yuksek nem mantar riskini artirir,KALITATIF,"backtest_kaniti: sureli-pencere precision=0.735 (kalibrasyon testi KAPSAM_DISI derken, gercek geriye-donuk performans KALITATIF seviyesini destekliyor)",11.789,veri (sera p5-p95)
HumDef,6h,AICU,ZARF,HumDef < 0.900,0.9,dusuk,Bu seranin normal calisma araliginin altina iniyor,Havalandirma veya isitma ile nem acigini yukselt,Ikisi de enerji maliyeti yaratir,KALITATIF,"backtest_kaniti: sureli-pencere precision=0.735 (kalibrasyon testi KAPSAM_DISI derken, gercek geriye-donuk performans KALITATIF seviyesini destekliyor)",11.789,veri (sera p5-p95)
HumDef,6h,Automatoes,ZARF,HumDef > 8.300,8.3,yuksek,Bu seranin normal calisma araliginin ustune cikiyor,Nemlendirme veya havalandirmayi azalt,Yuksek nem mantar riskini artirir,KALITATIF,"backtest_kaniti: sureli-pencere precision=0.735 (kalibrasyon testi KAPSAM_DISI derken, gercek geriye-donuk performans KALITATIF seviyesini destekliyor)",11.789,veri (sera p5-p95)
HumDef,6h,Automatoes,ZARF,HumDef < 1.200,1.2,dusuk,Bu seranin normal calisma araliginin altina iniyor,Havalandirma veya isitma ile nem acigini yukselt,Ikisi de enerji maliyeti yaratir,KALITATIF,"backtest_kaniti: sureli-pencere precision=0.735 (kalibrasyon testi KAPSAM_DISI derken, gercek geriye-donuk performans KALITATIF seviyesini destekliyor)",11.789,veri (sera p5-p95)
HumDef,6h,Digilog,ZARF,HumDef > 8.500,8.5,yuksek,Bu seranin normal calisma araliginin ustune cikiyor,Nemlendirme veya havalandirmayi azalt,Yuksek nem mantar riskini artirir,KALITATIF,"backtest_kaniti: sureli-pencere precision=0.735 (kalibrasyon testi KAPSAM_DISI derken, gercek geriye-donuk performans KALITATIF seviyesini destekliyor)",11.789,veri (sera p5-p95)
HumDef,6h,Digilog,ZARF,HumDef < 1.400,1.4,dusuk,Bu seranin normal calisma araliginin altina iniyor,Havalandirma veya isitma ile nem acigini yukselt,Ikisi de enerji maliyeti yaratir,KALITATIF,"backtest_kaniti: sureli-pencere precision=0.735 (kalibrasyon testi KAPSAM_DISI derken, gercek geriye-donuk performans KALITATIF seviyesini destekliyor)",11.789,veri (sera p5-p95)
HumDef,6h,IUACAAS,ZARF,HumDef > 8.300,8.3,yuksek,Bu seranin normal calisma araliginin ustune cikiyor,Nemlendirme veya havalandirmayi azalt,Yuksek nem mantar riskini artirir,KALITATIF,"backtest_kaniti: sureli-pencere precision=0.735 (kalibrasyon testi KAPSAM_DISI derken, gercek geriye-donuk performans KALITATIF seviyesini destekliyor)",11.789,veri (sera p5-p95)
HumDef,6h,IUACAAS,ZARF,HumDef < 0.700,0.7,dusuk,Bu seranin normal calisma araliginin altina iniyor,Havalandirma veya isitma ile nem acigini yukselt,Ikisi de enerji maliyeti yaratir,KALITATIF,"backtest_kaniti: sureli-pencere precision=0.735 (kalibrasyon testi KAPSAM_DISI derken, gercek geriye-donuk performans KALITATIF seviyesini destekliyor)",11.789,veri (sera p5-p95)
HumDef,6h,Reference,ZARF,HumDef > 11.000,11.0,yuksek,Bu seranin normal calisma araliginin ustune cikiyor,Nemlendirme veya havalandirmayi azalt,Yuksek nem mantar riskini artirir,KALITATIF,"backtest_kaniti: sureli-pencere precision=0.735 (kalibrasyon testi KAPSAM_DISI derken, gercek geriye-donuk performans KALITATIF seviyesini destekliyor)",11.789,veri (sera p5-p95)
HumDef,6h,Reference,ZARF,HumDef < 1.100,1.1,dusuk,Bu seranin normal calisma araliginin altina iniyor,Havalandirma veya isitma ile nem acigini yukselt,Ikisi de enerji maliyeti yaratir,KALITATIF,"backtest_kaniti: sureli-pencere precision=0.735 (kalibrasyon testi KAPSAM_DISI derken, gercek geriye-donuk performans KALITATIF seviyesini destekliyor)",11.789,veri (sera p5-p95)
HumDef,6h,TheAutomators,ZARF,HumDef > 11.000,11.0,yuksek,Bu seranin normal calisma araliginin ustune cikiyor,Nemlendirme veya havalandirmayi azalt,Yuksek nem mantar riskini artirir,KALITATIF,"backtest_kaniti: sureli-pencere precision=0.735 (kalibrasyon testi KAPSAM_DISI derken, gercek geriye-donuk performans KALITATIF seviyesini destekliyor)",11.789,veri (sera p5-p95)
HumDef,6h,TheAutomators,ZARF,HumDef < 1.000,1.0,dusuk,Bu seranin normal calisma araliginin altina iniyor,Havalandirma veya isitma ile nem acigini yukselt,Ikisi de enerji maliyeti yaratir,KALITATIF,"backtest_kaniti: sureli-pencere precision=0.735 (kalibrasyon testi KAPSAM_DISI derken, gercek geriye-donuk performans KALITATIF seviyesini destekliyor)",11.789,veri (sera p5-p95)
HumDef,6h,TUMU,HASAR,HumDef < 1.0,1.0,dusuk,"Nem acigi cok dusuk: terleme durur, besin tasinimi aksar",Havalandirma veya isitma ile nem acigini yukselt,Ikisi de enerji maliyeti yaratir,KALITATIF,"backtest_kaniti: sureli-pencere precision=0.735 (kalibrasyon testi KAPSAM_DISI derken, gercek geriye-donuk performans KALITATIF seviyesini destekliyor)",11.789,literatur (TASLAK — teyit edilecek)
HumDef,6h,TUMU,HASAR,HumDef > 15.0,15.0,yuksek,"Cok yuksek nem acigi: stoma kapanir, fotosentez durur",Nemlendirme veya havalandirmayi azalt,Yuksek nem mantar riskini artirir,KALITATIF,"backtest_kaniti: sureli-pencere precision=0.735 (kalibrasyon testi KAPSAM_DISI derken, gercek geriye-donuk performans KALITATIF seviyesini destekliyor)",11.789,literatur (TASLAK — teyit edilecek)
Tot_PAR,3h,AICU,ZARF,Tot_PAR > 670.000,670.0,yuksek,Bu seranin normal calisma araliginin ustune cikiyor,— aksiyon tanimlanmadi,—,KAPSAM_DISI,aralik/deger orani %369 — degerlendirilmez,726.95,veri (sera p5-p95)
Tot_PAR,3h,AICU,ZARF,Tot_PAR < 0.000,0.0,dusuk,Bu seranin normal calisma araliginin altina iniyor,— aksiyon tanimlanmadi,—,KAPSAM_DISI,aralik/deger orani %369 — degerlendirilmez,726.95,veri (sera p5-p95)
Tot_PAR,3h,Automatoes,ZARF,Tot_PAR > 655.000,655.0,yuksek,Bu seranin normal calisma araliginin ustune cikiyor,— aksiyon tanimlanmadi,—,KAPSAM_DISI,aralik/deger orani %369 — degerlendirilmez,726.95,veri (sera p5-p95)
Tot_PAR,3h,Automatoes,ZARF,Tot_PAR < 0.000,0.0,dusuk,Bu seranin normal calisma araliginin altina iniyor,— aksiyon tanimlanmadi,—,KAPSAM_DISI,aralik/deger orani %369 — degerlendirilmez,726.95,veri (sera p5-p95)
Tot_PAR,3h,Digilog,ZARF,Tot_PAR > 720.000,720.0,yuksek,Bu seranin normal calisma araliginin ustune cikiyor,— aksiyon tanimlanmadi,—,KAPSAM_DISI,aralik/deger orani %369 — degerlendirilmez,726.95,veri (sera p5-p95)
Tot_PAR,3h,Digilog,ZARF,Tot_PAR < 0.000,0.0,dusuk,Bu seranin normal calisma araliginin altina iniyor,— aksiyon tanimlanmadi,—,KAPSAM_DISI,aralik/deger orani %369 — degerlendirilmez,726.95,veri (sera p5-p95)
Tot_PAR,3h,IUACAAS,ZARF,Tot_PAR > 772.000,772.0,yuksek,Bu seranin normal calisma araliginin ustune cikiyor,— aksiyon tanimlanmadi,—,KAPSAM_DISI,aralik/deger orani %369 — degerlendirilmez,726.95,veri (sera p5-p95)
Tot_PAR,3h,IUACAAS,ZARF,Tot_PAR < 0.000,0.0,dusuk,Bu seranin normal calisma araliginin altina iniyor,— aksiyon tanimlanmadi,—,KAPSAM_DISI,aralik/deger orani %369 — degerlendirilmez,726.95,veri (sera p5-p95)
Tot_PAR,3h,Reference,ZARF,Tot_PAR > 682.000,682.0,yuksek,Bu seranin normal calisma araliginin ustune cikiyor,— aksiyon tanimlanmadi,—,KAPSAM_DISI,aralik/deger orani %369 — degerlendirilmez,726.95,veri (sera p5-p95)
Tot_PAR,3h,Reference,ZARF,Tot_PAR < 0.000,0.0,dusuk,Bu seranin normal calisma araliginin altina iniyor,— aksiyon tanimlanmadi,—,KAPSAM_DISI,aralik/deger orani %369 — degerlendirilmez,726.95,veri (sera p5-p95)
Tot_PAR,3h,TheAutomators,ZARF,Tot_PAR > 719.000,719.0,yuksek,Bu seranin normal calisma araliginin ustune cikiyor,— aksiyon tanimlanmadi,—,KAPSAM_DISI,aralik/deger orani %369 — degerlendirilmez,726.95,veri (sera p5-p95)
Tot_PAR,3h,TheAutomators,ZARF,Tot_PAR < 0.000,0.0,dusuk,Bu seranin normal calisma araliginin altina iniyor,— aksiyon tanimlanmadi,—,KAPSAM_DISI,aralik/deger orani %369 — degerlendirilmez,726.95,veri (sera p5-p95)
Tot_PAR,6h,AICU,ZARF,Tot_PAR > 670.000,670.0,yuksek,Bu seranin normal calisma araliginin ustune cikiyor,— aksiyon tanimlanmadi,—,KAPSAM_DISI,aralik/deger orani %427 — degerlendirilmez,841.667,veri (sera p5-p95)
Tot_PAR,6h,AICU,ZARF,Tot_PAR < 0.000,0.0,dusuk,Bu seranin normal calisma araliginin altina iniyor,— aksiyon tanimlanmadi,—,KAPSAM_DISI,aralik/deger orani %427 — degerlendirilmez,841.667,veri (sera p5-p95)
Tot_PAR,6h,Automatoes,ZARF,Tot_PAR > 655.000,655.0,yuksek,Bu seranin normal calisma araliginin ustune cikiyor,— aksiyon tanimlanmadi,—,KAPSAM_DISI,aralik/deger orani %427 — degerlendirilmez,841.667,veri (sera p5-p95)
Tot_PAR,6h,Automatoes,ZARF,Tot_PAR < 0.000,0.0,dusuk,Bu seranin normal calisma araliginin altina iniyor,— aksiyon tanimlanmadi,—,KAPSAM_DISI,aralik/deger orani %427 — degerlendirilmez,841.667,veri (sera p5-p95)
Tot_PAR,6h,Digilog,ZARF,Tot_PAR > 720.000,720.0,yuksek,Bu seranin normal calisma araliginin ustune cikiyor,— aksiyon tanimlanmadi,—,KAPSAM_DISI,aralik/deger orani %427 — degerlendirilmez,841.667,veri (sera p5-p95)
Tot_PAR,6h,Digilog,ZARF,Tot_PAR < 0.000,0.0,dusuk,Bu seranin normal calisma araliginin altina iniyor,— aksiyon tanimlanmadi,—,KAPSAM_DISI,aralik/deger orani %427 — degerlendirilmez,841.667,veri (sera p5-p95)
Tot_PAR,6h,IUACAAS,ZARF,Tot_PAR > 772.000,772.0,yuksek,Bu seranin normal calisma araliginin ustune cikiyor,— aksiyon tanimlanmadi,—,KAPSAM_DISI,aralik/deger orani %427 — degerlendirilmez,841.667,veri (sera p5-p95)
Tot_PAR,6h,IUACAAS,ZARF,Tot_PAR < 0.000,0.0,dusuk,Bu seranin normal calisma araliginin altina iniyor,— aksiyon tanimlanmadi,—,KAPSAM_DISI,aralik/deger orani %427 — degerlendirilmez,841.667,veri (sera p5-p95)
Tot_PAR,6h,Reference,ZARF,Tot_PAR > 682.000,682.0,yuksek,Bu seranin normal calisma araliginin ustune cikiyor,— aksiyon tanimlanmadi,—,KAPSAM_DISI,aralik/deger orani %427 — degerlendirilmez,841.667,veri (sera p5-p95)
Tot_PAR,6h,Reference,ZARF,Tot_PAR < 0.000,0.0,dusuk,Bu seranin normal calisma araliginin altina iniyor,— aksiyon tanimlanmadi,—,KAPSAM_DISI,aralik/deger orani %427 — degerlendirilmez,841.667,veri (sera p5-p95)
Tot_PAR,6h,TheAutomators,ZARF,Tot_PAR > 719.000,719.0,yuksek,Bu seranin normal calisma araliginin ustune cikiyor,— aksiyon tanimlanmadi,—,KAPSAM_DISI,aralik/deger orani %427 — degerlendirilmez,841.667,veri (sera p5-p95)
Tot_PAR,6h,TheAutomators,ZARF,Tot_PAR < 0.000,0.0,dusuk,Bu seranin normal calisma araliginin altina iniyor,— aksiyon tanimlanmadi,—,KAPSAM_DISI,aralik/deger orani %427 — degerlendirilmez,841.667,veri (sera p5-p95)
EC_slab1,3h,AICU,ZARF,EC_slab1 > 5.400,5.4,yuksek,Bu seranin normal calisma araliginin ustune cikiyor,Sulama siklığini artir veya drenaj oranini yukselt,Fazla sulama su israfi ve besin yikanmasi yaratir,SAYISAL,"kapsama 0.95, aralik/deger %8",0.39,veri (sera p5-p95)
EC_slab1,3h,AICU,ZARF,EC_slab1 < 3.700,3.7,dusuk,Bu seranin normal calisma araliginin altina iniyor,Besin cozeltisi konsantrasyonunu artir,Ani artis kok sokuna yol acabilir,SAYISAL,"kapsama 0.95, aralik/deger %8",0.39,veri (sera p5-p95)
EC_slab1,3h,Automatoes,ZARF,EC_slab1 > 5.500,5.5,yuksek,Bu seranin normal calisma araliginin ustune cikiyor,Sulama siklığini artir veya drenaj oranini yukselt,Fazla sulama su israfi ve besin yikanmasi yaratir,SAYISAL,"kapsama 0.95, aralik/deger %8",0.39,veri (sera p5-p95)
EC_slab1,3h,Automatoes,ZARF,EC_slab1 < 3.700,3.7,dusuk,Bu seranin normal calisma araliginin altina iniyor,Besin cozeltisi konsantrasyonunu artir,Ani artis kok sokuna yol acabilir,SAYISAL,"kapsama 0.95, aralik/deger %8",0.39,veri (sera p5-p95)
EC_slab1,3h,Digilog,ZARF,EC_slab1 > 7.600,7.6,yuksek,Bu seranin normal calisma araliginin ustune cikiyor,Sulama siklığini artir veya drenaj oranini yukselt,Fazla sulama su israfi ve besin yikanmasi yaratir,SAYISAL,"kapsama 0.95, aralik/deger %8",0.39,veri (sera p5-p95)
EC_slab1,3h,Digilog,ZARF,EC_slab1 < 4.300,4.3,dusuk,Bu seranin normal calisma araliginin altina iniyor,Besin cozeltisi konsantrasyonunu artir,Ani artis kok sokuna yol acabilir,SAYISAL,"kapsama 0.95, aralik/deger %8",0.39,veri (sera p5-p95)
EC_slab1,3h,IUACAAS,ZARF,EC_slab1 > 5.800,5.8,yuksek,Bu seranin normal calisma araliginin ustune cikiyor,Sulama siklığini artir veya drenaj oranini yukselt,Fazla sulama su israfi ve besin yikanmasi yaratir,SAYISAL,"kapsama 0.95, aralik/deger %8",0.39,veri (sera p5-p95)
EC_slab1,3h,IUACAAS,ZARF,EC_slab1 < 4.500,4.5,dusuk,Bu seranin normal calisma araliginin altina iniyor,Besin cozeltisi konsantrasyonunu artir,Ani artis kok sokuna yol acabilir,SAYISAL,"kapsama 0.95, aralik/deger %8",0.39,veri (sera p5-p95)
EC_slab1,3h,Reference,ZARF,EC_slab1 > 6.500,6.5,yuksek,Bu seranin normal calisma araliginin ustune cikiyor,Sulama siklığini artir veya drenaj oranini yukselt,Fazla sulama su israfi ve besin yikanmasi yaratir,SAYISAL,"kapsama 0.95, aralik/deger %8",0.39,veri (sera p5-p95)
EC_slab1,3h,Reference,ZARF,EC_slab1 < 4.800,4.8,dusuk,Bu seranin normal calisma araliginin altina iniyor,Besin cozeltisi konsantrasyonunu artir,Ani artis kok sokuna yol acabilir,SAYISAL,"kapsama 0.95, aralik/deger %8",0.39,veri (sera p5-p95)
EC_slab1,3h,TheAutomators,ZARF,EC_slab1 > 6.000,6.0,yuksek,Bu seranin normal calisma araliginin ustune cikiyor,Sulama siklığini artir veya drenaj oranini yukselt,Fazla sulama su israfi ve besin yikanmasi yaratir,SAYISAL,"kapsama 0.95, aralik/deger %8",0.39,veri (sera p5-p95)
EC_slab1,3h,TheAutomators,ZARF,EC_slab1 < 4.600,4.6,dusuk,Bu seranin normal calisma araliginin altina iniyor,Besin cozeltisi konsantrasyonunu artir,Ani artis kok sokuna yol acabilir,SAYISAL,"kapsama 0.95, aralik/deger %8",0.39,veri (sera p5-p95)
EC_slab1,3h,TUMU,HASAR,EC_slab1 > 8.0,8.0,yuksek,"Kok bolgesinde ozmotik stres, su alimi engellenir",Sulama siklığini artir veya drenaj oranini yukselt,Fazla sulama su israfi ve besin yikanmasi yaratir,SAYISAL,"kapsama 0.95, aralik/deger %8",0.39,literatur (TASLAK — teyit edilecek)
EC_slab1,6h,AICU,ZARF,EC_slab1 > 5.400,5.4,yuksek,Bu seranin normal calisma araliginin ustune cikiyor,Sulama siklığini artir veya drenaj oranini yukselt,Fazla sulama su israfi ve besin yikanmasi yaratir,SAYISAL,"kapsama 0.98, aralik/deger %12",0.609,veri (sera p5-p95)
EC_slab1,6h,AICU,ZARF,EC_slab1 < 3.700,3.7,dusuk,Bu seranin normal calisma araliginin altina iniyor,Besin cozeltisi konsantrasyonunu artir,Ani artis kok sokuna yol acabilir,SAYISAL,"kapsama 0.98, aralik/deger %12",0.609,veri (sera p5-p95)
EC_slab1,6h,Automatoes,ZARF,EC_slab1 > 5.500,5.5,yuksek,Bu seranin normal calisma araliginin ustune cikiyor,Sulama siklığini artir veya drenaj oranini yukselt,Fazla sulama su israfi ve besin yikanmasi yaratir,SAYISAL,"kapsama 0.98, aralik/deger %12",0.609,veri (sera p5-p95)
EC_slab1,6h,Automatoes,ZARF,EC_slab1 < 3.700,3.7,dusuk,Bu seranin normal calisma araliginin altina iniyor,Besin cozeltisi konsantrasyonunu artir,Ani artis kok sokuna yol acabilir,SAYISAL,"kapsama 0.98, aralik/deger %12",0.609,veri (sera p5-p95)
EC_slab1,6h,Digilog,ZARF,EC_slab1 > 7.600,7.6,yuksek,Bu seranin normal calisma araliginin ustune cikiyor,Sulama siklığini artir veya drenaj oranini yukselt,Fazla sulama su israfi ve besin yikanmasi yaratir,SAYISAL,"kapsama 0.98, aralik/deger %12",0.609,veri (sera p5-p95)
EC_slab1,6h,Digilog,ZARF,EC_slab1 < 4.300,4.3,dusuk,Bu seranin normal calisma araliginin altina iniyor,Besin cozeltisi konsantrasyonunu artir,Ani artis kok sokuna yol acabilir,SAYISAL,"kapsama 0.98, aralik/deger %12",0.609,veri (sera p5-p95)
EC_slab1,6h,IUACAAS,ZARF,EC_slab1 > 5.800,5.8,yuksek,Bu seranin normal calisma araliginin ustune cikiyor,Sulama siklığini artir veya drenaj oranini yukselt,Fazla sulama su israfi ve besin yikanmasi yaratir,SAYISAL,"kapsama 0.98, aralik/deger %12",0.609,veri (sera p5-p95)
EC_slab1,6h,IUACAAS,ZARF,EC_slab1 < 4.500,4.5,dusuk,Bu seranin normal calisma araliginin altina iniyor,Besin cozeltisi konsantrasyonunu artir,Ani artis kok sokuna yol acabilir,SAYISAL,"kapsama 0.98, aralik/deger %12",0.609,veri (sera p5-p95)
EC_slab1,6h,Reference,ZARF,EC_slab1 > 6.500,6.5,yuksek,Bu seranin normal calisma araliginin ustune cikiyor,Sulama siklığini artir veya drenaj oranini yukselt,Fazla sulama su israfi ve besin yikanmasi yaratir,SAYISAL,"kapsama 0.98, aralik/deger %12",0.609,veri (sera p5-p95)
EC_slab1,6h,Reference,ZARF,EC_slab1 < 4.800,4.8,dusuk,Bu seranin normal calisma araliginin altina iniyor,Besin cozeltisi konsantrasyonunu artir,Ani artis kok sokuna yol acabilir,SAYISAL,"kapsama 0.98, aralik/deger %12",0.609,veri (sera p5-p95)
EC_slab1,6h,TheAutomators,ZARF,EC_slab1 > 6.000,6.0,yuksek,Bu seranin normal calisma araliginin ustune cikiyor,Sulama siklığini artir veya drenaj oranini yukselt,Fazla sulama su israfi ve besin yikanmasi yaratir,SAYISAL,"kapsama 0.98, aralik/deger %12",0.609,veri (sera p5-p95)
EC_slab1,6h,TheAutomators,ZARF,EC_slab1 < 4.600,4.6,dusuk,Bu seranin normal calisma araliginin altina iniyor,Besin cozeltisi konsantrasyonunu artir,Ani artis kok sokuna yol acabilir,SAYISAL,"kapsama 0.98, aralik/deger %12",0.609,veri (sera p5-p95)
EC_slab1,6h,TUMU,HASAR,EC_slab1 > 8.0,8.0,yuksek,"Kok bolgesinde ozmotik stres, su alimi engellenir",Sulama siklığini artir veya drenaj oranini yukselt,Fazla sulama su israfi ve besin yikanmasi yaratir,SAYISAL,"kapsama 0.98, aralik/deger %12",0.609,literatur (TASLAK — teyit edilecek)
EC_slab2,3h,AICU,ZARF,EC_slab2 > 6.000,6.0,yuksek,Bu seranin normal calisma araliginin ustune cikiyor,Sulama siklığini artir veya drenaj oranini yukselt,Fazla sulama su israfi ve besin yikanmasi yaratir,SAYISAL,"kapsama 0.94, aralik/deger %9",0.452,veri (sera p5-p95)
EC_slab2,3h,AICU,ZARF,EC_slab2 < 4.600,4.6,dusuk,Bu seranin normal calisma araliginin altina iniyor,Besin cozeltisi konsantrasyonunu artir,Ani artis kok sokuna yol acabilir,SAYISAL,"kapsama 0.94, aralik/deger %9",0.452,veri (sera p5-p95)
EC_slab2,3h,Automatoes,ZARF,EC_slab2 > 5.600,5.6,yuksek,Bu seranin normal calisma araliginin ustune cikiyor,Sulama siklığini artir veya drenaj oranini yukselt,Fazla sulama su israfi ve besin yikanmasi yaratir,SAYISAL,"kapsama 0.94, aralik/deger %9",0.452,veri (sera p5-p95)
EC_slab2,3h,Automatoes,ZARF,EC_slab2 < 3.900,3.9,dusuk,Bu seranin normal calisma araliginin altina iniyor,Besin cozeltisi konsantrasyonunu artir,Ani artis kok sokuna yol acabilir,SAYISAL,"kapsama 0.94, aralik/deger %9",0.452,veri (sera p5-p95)
EC_slab2,3h,Digilog,ZARF,EC_slab2 > 7.900,7.9,yuksek,Bu seranin normal calisma araliginin ustune cikiyor,Sulama siklığini artir veya drenaj oranini yukselt,Fazla sulama su israfi ve besin yikanmasi yaratir,SAYISAL,"kapsama 0.94, aralik/deger %9",0.452,veri (sera p5-p95)
EC_slab2,3h,Digilog,ZARF,EC_slab2 < 4.300,4.3,dusuk,Bu seranin normal calisma araliginin altina iniyor,Besin cozeltisi konsantrasyonunu artir,Ani artis kok sokuna yol acabilir,SAYISAL,"kapsama 0.94, aralik/deger %9",0.452,veri (sera p5-p95)
EC_slab2,3h,IUACAAS,ZARF,EC_slab2 > 5.900,5.9,yuksek,Bu seranin normal calisma araliginin ustune cikiyor,Sulama siklığini artir veya drenaj oranini yukselt,Fazla sulama su israfi ve besin yikanmasi yaratir,SAYISAL,"kapsama 0.94, aralik/deger %9",0.452,veri (sera p5-p95)
EC_slab2,3h,IUACAAS,ZARF,EC_slab2 < 4.700,4.7,dusuk,Bu seranin normal calisma araliginin altina iniyor,Besin cozeltisi konsantrasyonunu artir,Ani artis kok sokuna yol acabilir,SAYISAL,"kapsama 0.94, aralik/deger %9",0.452,veri (sera p5-p95)
EC_slab2,3h,Reference,ZARF,EC_slab2 > 6.600,6.6,yuksek,Bu seranin normal calisma araliginin ustune cikiyor,Sulama siklığini artir veya drenaj oranini yukselt,Fazla sulama su israfi ve besin yikanmasi yaratir,SAYISAL,"kapsama 0.94, aralik/deger %9",0.452,veri (sera p5-p95)
EC_slab2,3h,Reference,ZARF,EC_slab2 < 4.700,4.7,dusuk,Bu seranin normal calisma araliginin altina iniyor,Besin cozeltisi konsantrasyonunu artir,Ani artis kok sokuna yol acabilir,SAYISAL,"kapsama 0.94, aralik/deger %9",0.452,veri (sera p5-p95)
EC_slab2,3h,TheAutomators,ZARF,EC_slab2 > 5.500,5.5,yuksek,Bu seranin normal calisma araliginin ustune cikiyor,Sulama siklığini artir veya drenaj oranini yukselt,Fazla sulama su israfi ve besin yikanmasi yaratir,SAYISAL,"kapsama 0.94, aralik/deger %9",0.452,veri (sera p5-p95)
EC_slab2,3h,TheAutomators,ZARF,EC_slab2 < 4.200,4.2,dusuk,Bu seranin normal calisma araliginin altina iniyor,Besin cozeltisi konsantrasyonunu artir,Ani artis kok sokuna yol acabilir,SAYISAL,"kapsama 0.94, aralik/deger %9",0.452,veri (sera p5-p95)
EC_slab2,3h,TUMU,HASAR,EC_slab2 > 8.0,8.0,yuksek,"Kok bolgesinde ozmotik stres, su alimi engellenir",Sulama siklığini artir veya drenaj oranini yukselt,Fazla sulama su israfi ve besin yikanmasi yaratir,SAYISAL,"kapsama 0.94, aralik/deger %9",0.452,literatur (TASLAK — teyit edilecek)
EC_slab2,6h,AICU,ZARF,EC_slab2 > 6.000,6.0,yuksek,Bu seranin normal calisma araliginin ustune cikiyor,Sulama siklığini artir veya drenaj oranini yukselt,Fazla sulama su israfi ve besin yikanmasi yaratir,SAYISAL,"kapsama 0.99, aralik/deger %17",0.864,veri (sera p5-p95)
EC_slab2,6h,AICU,ZARF,EC_slab2 < 4.600,4.6,dusuk,Bu seranin normal calisma araliginin altina iniyor,Besin cozeltisi konsantrasyonunu artir,Ani artis kok sokuna yol acabilir,SAYISAL,"kapsama 0.99, aralik/deger %17",0.864,veri (sera p5-p95)
EC_slab2,6h,Automatoes,ZARF,EC_slab2 > 5.600,5.6,yuksek,Bu seranin normal calisma araliginin ustune cikiyor,Sulama siklığini artir veya drenaj oranini yukselt,Fazla sulama su israfi ve besin yikanmasi yaratir,SAYISAL,"kapsama 0.99, aralik/deger %17",0.864,veri (sera p5-p95)
EC_slab2,6h,Automatoes,ZARF,EC_slab2 < 3.900,3.9,dusuk,Bu seranin normal calisma araliginin altina iniyor,Besin cozeltisi konsantrasyonunu artir,Ani artis kok sokuna yol acabilir,SAYISAL,"kapsama 0.99, aralik/deger %17",0.864,veri (sera p5-p95)
EC_slab2,6h,Digilog,ZARF,EC_slab2 > 7.900,7.9,yuksek,Bu seranin normal calisma araliginin ustune cikiyor,Sulama siklığini artir veya drenaj oranini yukselt,Fazla sulama su israfi ve besin yikanmasi yaratir,SAYISAL,"kapsama 0.99, aralik/deger %17",0.864,veri (sera p5-p95)
EC_slab2,6h,Digilog,ZARF,EC_slab2 < 4.300,4.3,dusuk,Bu seranin normal calisma araliginin altina iniyor,Besin cozeltisi konsantrasyonunu artir,Ani artis kok sokuna yol acabilir,SAYISAL,"kapsama 0.99, aralik/deger %17",0.864,veri (sera p5-p95)
EC_slab2,6h,IUACAAS,ZARF,EC_slab2 > 5.900,5.9,yuksek,Bu seranin normal calisma araliginin ustune cikiyor,Sulama siklığini artir veya drenaj oranini yukselt,Fazla sulama su israfi ve besin yikanmasi yaratir,SAYISAL,"kapsama 0.99, aralik/deger %17",0.864,veri (sera p5-p95)
EC_slab2,6h,IUACAAS,ZARF,EC_slab2 < 4.700,4.7,dusuk,Bu seranin normal calisma araliginin altina iniyor,Besin cozeltisi konsantrasyonunu artir,Ani artis kok sokuna yol acabilir,SAYISAL,"kapsama 0.99, aralik/deger %17",0.864,veri (sera p5-p95)
EC_slab2,6h,Reference,ZARF,EC_slab2 > 6.600,6.6,yuksek,Bu seranin normal calisma araliginin ustune cikiyor,Sulama siklığini artir veya drenaj oranini yukselt,Fazla sulama su israfi ve besin yikanmasi yaratir,SAYISAL,"kapsama 0.99, aralik/deger %17",0.864,veri (sera p5-p95)
EC_slab2,6h,Reference,ZARF,EC_slab2 < 4.700,4.7,dusuk,Bu seranin normal calisma araliginin altina iniyor,Besin cozeltisi konsantrasyonunu artir,Ani artis kok sokuna yol acabilir,SAYISAL,"kapsama 0.99, aralik/deger %17",0.864,veri (sera p5-p95)
EC_slab2,6h,TheAutomators,ZARF,EC_slab2 > 5.500,5.5,yuksek,Bu seranin normal calisma araliginin ustune cikiyor,Sulama siklığini artir veya drenaj oranini yukselt,Fazla sulama su israfi ve besin yikanmasi yaratir,SAYISAL,"kapsama 0.99, aralik/deger %17",0.864,veri (sera p5-p95)
EC_slab2,6h,TheAutomators,ZARF,EC_slab2 < 4.200,4.2,dusuk,Bu seranin normal calisma araliginin altina iniyor,Besin cozeltisi konsantrasyonunu artir,Ani artis kok sokuna yol acabilir,SAYISAL,"kapsama 0.99, aralik/deger %17",0.864,veri (sera p5-p95)
EC_slab2,6h,TUMU,HASAR,EC_slab2 > 8.0,8.0,yuksek,"Kok bolgesinde ozmotik stres, su alimi engellenir",Sulama siklığini artir veya drenaj oranini yukselt,Fazla sulama su israfi ve besin yikanmasi yaratir,SAYISAL,"kapsama 0.99, aralik/deger %17",0.864,literatur (TASLAK — teyit edilecek)
WC_slab1,3h,AICU,ZARF,WC_slab1 > 93.600,93.6,yuksek,Bu seranin normal calisma araliginin ustune cikiyor,"Sulama siklığini azalt, drenaji kontrol et",Ani kesinti su stresi yaratir,KALITATIF,"kapsama 0.92, aralik/deger %10",7.706,veri (sera p5-p95)
WC_slab1,3h,AICU,ZARF,WC_slab1 < 71.500,71.5,dusuk,Bu seranin normal calisma araliginin altina iniyor,Sulama siklığini artir,Asiri sulama kok bolgesinde oksijen azaltir,KALITATIF,"kapsama 0.92, aralik/deger %10",7.706,veri (sera p5-p95)
WC_slab1,3h,Automatoes,ZARF,WC_slab1 > 91.100,91.1,yuksek,Bu seranin normal calisma araliginin ustune cikiyor,"Sulama siklığini azalt, drenaji kontrol et",Ani kesinti su stresi yaratir,KALITATIF,"kapsama 0.92, aralik/deger %10",7.706,veri (sera p5-p95)
WC_slab1,3h,Automatoes,ZARF,WC_slab1 < 63.300,63.3,dusuk,Bu seranin normal calisma araliginin altina iniyor,Sulama siklığini artir,Asiri sulama kok bolgesinde oksijen azaltir,KALITATIF,"kapsama 0.92, aralik/deger %10",7.706,veri (sera p5-p95)
WC_slab1,3h,Digilog,ZARF,WC_slab1 > 94.600,94.6,yuksek,Bu seranin normal calisma araliginin ustune cikiyor,"Sulama siklığini azalt, drenaji kontrol et",Ani kesinti su stresi yaratir,KALITATIF,"kapsama 0.92, aralik/deger %10",7.706,veri (sera p5-p95)
WC_slab1,3h,Digilog,ZARF,WC_slab1 < 67.500,67.5,dusuk,Bu seranin normal calisma araliginin altina iniyor,Sulama siklığini artir,Asiri sulama kok bolgesinde oksijen azaltir,KALITATIF,"kapsama 0.92, aralik/deger %10",7.706,veri (sera p5-p95)
WC_slab1,3h,IUACAAS,ZARF,WC_slab1 > 93.500,93.5,yuksek,Bu seranin normal calisma araliginin ustune cikiyor,"Sulama siklığini azalt, drenaji kontrol et",Ani kesinti su stresi yaratir,KALITATIF,"kapsama 0.92, aralik/deger %10",7.706,veri (sera p5-p95)
WC_slab1,3h,IUACAAS,ZARF,WC_slab1 < 74.500,74.5,dusuk,Bu seranin normal calisma araliginin altina iniyor,Sulama siklığini artir,Asiri sulama kok bolgesinde oksijen azaltir,KALITATIF,"kapsama 0.92, aralik/deger %10",7.706,veri (sera p5-p95)
WC_slab1,3h,Reference,ZARF,WC_slab1 > 93.500,93.5,yuksek,Bu seranin normal calisma araliginin ustune cikiyor,"Sulama siklığini azalt, drenaji kontrol et",Ani kesinti su stresi yaratir,KALITATIF,"kapsama 0.92, aralik/deger %10",7.706,veri (sera p5-p95)
WC_slab1,3h,Reference,ZARF,WC_slab1 < 78.400,78.4,dusuk,Bu seranin normal calisma araliginin altina iniyor,Sulama siklığini artir,Asiri sulama kok bolgesinde oksijen azaltir,KALITATIF,"kapsama 0.92, aralik/deger %10",7.706,veri (sera p5-p95)
WC_slab1,3h,TheAutomators,ZARF,WC_slab1 > 92.600,92.6,yuksek,Bu seranin normal calisma araliginin ustune cikiyor,"Sulama siklığini azalt, drenaji kontrol et",Ani kesinti su stresi yaratir,KALITATIF,"kapsama 0.92, aralik/deger %10",7.706,veri (sera p5-p95)
WC_slab1,3h,TheAutomators,ZARF,WC_slab1 < 68.300,68.3,dusuk,Bu seranin normal calisma araliginin altina iniyor,Sulama siklığini artir,Asiri sulama kok bolgesinde oksijen azaltir,KALITATIF,"kapsama 0.92, aralik/deger %10",7.706,veri (sera p5-p95)
WC_slab1,3h,TUMU,HASAR,WC_slab1 < 40.0,40.0,dusuk,"Substrat su icerigi kritik esigin altinda, kalici solma",Sulama siklığini artir,Asiri sulama kok bolgesinde oksijen azaltir,KALITATIF,"kapsama 0.92, aralik/deger %10",7.706,literatur (TASLAK — teyit edilecek)
WC_slab1,6h,AICU,ZARF,WC_slab1 > 93.600,93.6,yuksek,Bu seranin normal calisma araliginin ustune cikiyor,"Sulama siklığini azalt, drenaji kontrol et",Ani kesinti su stresi yaratir,SAYISAL,"kapsama 0.93, aralik/deger %15",11.71,veri (sera p5-p95)
WC_slab1,6h,AICU,ZARF,WC_slab1 < 71.500,71.5,dusuk,Bu seranin normal calisma araliginin altina iniyor,Sulama siklığini artir,Asiri sulama kok bolgesinde oksijen azaltir,SAYISAL,"kapsama 0.93, aralik/deger %15",11.71,veri (sera p5-p95)
WC_slab1,6h,Automatoes,ZARF,WC_slab1 > 91.100,91.1,yuksek,Bu seranin normal calisma araliginin ustune cikiyor,"Sulama siklığini azalt, drenaji kontrol et",Ani kesinti su stresi yaratir,SAYISAL,"kapsama 0.93, aralik/deger %15",11.71,veri (sera p5-p95)
WC_slab1,6h,Automatoes,ZARF,WC_slab1 < 63.300,63.3,dusuk,Bu seranin normal calisma araliginin altina iniyor,Sulama siklığini artir,Asiri sulama kok bolgesinde oksijen azaltir,SAYISAL,"kapsama 0.93, aralik/deger %15",11.71,veri (sera p5-p95)
WC_slab1,6h,Digilog,ZARF,WC_slab1 > 94.600,94.6,yuksek,Bu seranin normal calisma araliginin ustune cikiyor,"Sulama siklığini azalt, drenaji kontrol et",Ani kesinti su stresi yaratir,SAYISAL,"kapsama 0.93, aralik/deger %15",11.71,veri (sera p5-p95)
WC_slab1,6h,Digilog,ZARF,WC_slab1 < 67.500,67.5,dusuk,Bu seranin normal calisma araliginin altina iniyor,Sulama siklığini artir,Asiri sulama kok bolgesinde oksijen azaltir,SAYISAL,"kapsama 0.93, aralik/deger %15",11.71,veri (sera p5-p95)
WC_slab1,6h,IUACAAS,ZARF,WC_slab1 > 93.500,93.5,yuksek,Bu seranin normal calisma araliginin ustune cikiyor,"Sulama siklığini azalt, drenaji kontrol et",Ani kesinti su stresi yaratir,SAYISAL,"kapsama 0.93, aralik/deger %15",11.71,veri (sera p5-p95)
WC_slab1,6h,IUACAAS,ZARF,WC_slab1 < 74.500,74.5,dusuk,Bu seranin normal calisma araliginin altina iniyor,Sulama siklığini artir,Asiri sulama kok bolgesinde oksijen azaltir,SAYISAL,"kapsama 0.93, aralik/deger %15",11.71,veri (sera p5-p95)
WC_slab1,6h,Reference,ZARF,WC_slab1 > 93.500,93.5,yuksek,Bu seranin normal calisma araliginin ustune cikiyor,"Sulama siklığini azalt, drenaji kontrol et",Ani kesinti su stresi yaratir,SAYISAL,"kapsama 0.93, aralik/deger %15",11.71,veri (sera p5-p95)
WC_slab1,6h,Reference,ZARF,WC_slab1 < 78.400,78.4,dusuk,Bu seranin normal calisma araliginin altina iniyor,Sulama siklığini artir,Asiri sulama kok bolgesinde oksijen azaltir,SAYISAL,"kapsama 0.93, aralik/deger %15",11.71,veri (sera p5-p95)
WC_slab1,6h,TheAutomators,ZARF,WC_slab1 > 92.600,92.6,yuksek,Bu seranin normal calisma araliginin ustune cikiyor,"Sulama siklığini azalt, drenaji kontrol et",Ani kesinti su stresi yaratir,SAYISAL,"kapsama 0.93, aralik/deger %15",11.71,veri (sera p5-p95)
WC_slab1,6h,TheAutomators,ZARF,WC_slab1 < 68.300,68.3,dusuk,Bu seranin normal calisma araliginin altina iniyor,Sulama siklığini artir,Asiri sulama kok bolgesinde oksijen azaltir,SAYISAL,"kapsama 0.93, aralik/deger %15",11.71,veri (sera p5-p95)
WC_slab1,6h,TUMU,HASAR,WC_slab1 < 40.0,40.0,dusuk,"Substrat su icerigi kritik esigin altinda, kalici solma",Sulama siklığini artir,Asiri sulama kok bolgesinde oksijen azaltir,SAYISAL,"kapsama 0.93, aralik/deger %15",11.71,literatur (TASLAK — teyit edilecek)
WC_slab2,3h,AICU,ZARF,WC_slab2 > 92.100,92.1,yuksek,Bu seranin normal calisma araliginin ustune cikiyor,"Sulama siklığini azalt, drenaji kontrol et",Ani kesinti su stresi yaratir,KALITATIF,"kapsama 0.90, aralik/deger %9",7.001,veri (sera p5-p95)
WC_slab2,3h,AICU,ZARF,WC_slab2 < 57.000,57.0,dusuk,Bu seranin normal calisma araliginin altina iniyor,Sulama siklığini artir,Asiri sulama kok bolgesinde oksijen azaltir,KALITATIF,"kapsama 0.90, aralik/deger %9",7.001,veri (sera p5-p95)
WC_slab2,3h,Automatoes,ZARF,WC_slab2 > 92.100,92.1,yuksek,Bu seranin normal calisma araliginin ustune cikiyor,"Sulama siklığini azalt, drenaji kontrol et",Ani kesinti su stresi yaratir,KALITATIF,"kapsama 0.90, aralik/deger %9",7.001,veri (sera p5-p95)
WC_slab2,3h,Automatoes,ZARF,WC_slab2 < 64.800,64.8,dusuk,Bu seranin normal calisma araliginin altina iniyor,Sulama siklığini artir,Asiri sulama kok bolgesinde oksijen azaltir,KALITATIF,"kapsama 0.90, aralik/deger %9",7.001,veri (sera p5-p95)
WC_slab2,3h,Digilog,ZARF,WC_slab2 > 79.600,79.6,yuksek,Bu seranin normal calisma araliginin ustune cikiyor,"Sulama siklığini azalt, drenaji kontrol et",Ani kesinti su stresi yaratir,KALITATIF,"kapsama 0.90, aralik/deger %9",7.001,veri (sera p5-p95)
WC_slab2,3h,Digilog,ZARF,WC_slab2 < 53.500,53.5,dusuk,Bu seranin normal calisma araliginin altina iniyor,Sulama siklığini artir,Asiri sulama kok bolgesinde oksijen azaltir,KALITATIF,"kapsama 0.90, aralik/deger %9",7.001,veri (sera p5-p95)
WC_slab2,3h,IUACAAS,ZARF,WC_slab2 > 90.400,90.4,yuksek,Bu seranin normal calisma araliginin ustune cikiyor,"Sulama siklığini azalt, drenaji kontrol et",Ani kesinti su stresi yaratir,KALITATIF,"kapsama 0.90, aralik/deger %9",7.001,veri (sera p5-p95)
WC_slab2,3h,IUACAAS,ZARF,WC_slab2 < 60.600,60.6,dusuk,Bu seranin normal calisma araliginin altina iniyor,Sulama siklığini artir,Asiri sulama kok bolgesinde oksijen azaltir,KALITATIF,"kapsama 0.90, aralik/deger %9",7.001,veri (sera p5-p95)
WC_slab2,3h,Reference,ZARF,WC_slab2 > 94.200,94.2,yuksek,Bu seranin normal calisma araliginin ustune cikiyor,"Sulama siklığini azalt, drenaji kontrol et",Ani kesinti su stresi yaratir,KALITATIF,"kapsama 0.90, aralik/deger %9",7.001,veri (sera p5-p95)
WC_slab2,3h,Reference,ZARF,WC_slab2 < 74.200,74.2,dusuk,Bu seranin normal calisma araliginin altina iniyor,Sulama siklığini artir,Asiri sulama kok bolgesinde oksijen azaltir,KALITATIF,"kapsama 0.90, aralik/deger %9",7.001,veri (sera p5-p95)
WC_slab2,3h,TheAutomators,ZARF,WC_slab2 > 93.800,93.8,yuksek,Bu seranin normal calisma araliginin ustune cikiyor,"Sulama siklığini azalt, drenaji kontrol et",Ani kesinti su stresi yaratir,KALITATIF,"kapsama 0.90, aralik/deger %9",7.001,veri (sera p5-p95)
WC_slab2,3h,TheAutomators,ZARF,WC_slab2 < 68.800,68.8,dusuk,Bu seranin normal calisma araliginin altina iniyor,Sulama siklığini artir,Asiri sulama kok bolgesinde oksijen azaltir,KALITATIF,"kapsama 0.90, aralik/deger %9",7.001,veri (sera p5-p95)
WC_slab2,3h,TUMU,HASAR,WC_slab2 < 40.0,40.0,dusuk,"Substrat su icerigi kritik esigin altinda, kalici solma",Sulama siklığini artir,Asiri sulama kok bolgesinde oksijen azaltir,KALITATIF,"kapsama 0.90, aralik/deger %9",7.001,literatur (TASLAK — teyit edilecek)
WC_slab2,6h,AICU,ZARF,WC_slab2 > 92.100,92.1,yuksek,Bu seranin normal calisma araliginin ustune cikiyor,"Sulama siklığini azalt, drenaji kontrol et",Ani kesinti su stresi yaratir,KALITATIF,"kapsama 0.90, aralik/deger %12",9.141,veri (sera p5-p95)
WC_slab2,6h,AICU,ZARF,WC_slab2 < 57.000,57.0,dusuk,Bu seranin normal calisma araliginin altina iniyor,Sulama siklığini artir,Asiri sulama kok bolgesinde oksijen azaltir,KALITATIF,"kapsama 0.90, aralik/deger %12",9.141,veri (sera p5-p95)
WC_slab2,6h,Automatoes,ZARF,WC_slab2 > 92.100,92.1,yuksek,Bu seranin normal calisma araliginin ustune cikiyor,"Sulama siklığini azalt, drenaji kontrol et",Ani kesinti su stresi yaratir,KALITATIF,"kapsama 0.90, aralik/deger %12",9.141,veri (sera p5-p95)
WC_slab2,6h,Automatoes,ZARF,WC_slab2 < 64.800,64.8,dusuk,Bu seranin normal calisma araliginin altina iniyor,Sulama siklığini artir,Asiri sulama kok bolgesinde oksijen azaltir,KALITATIF,"kapsama 0.90, aralik/deger %12",9.141,veri (sera p5-p95)
WC_slab2,6h,Digilog,ZARF,WC_slab2 > 79.600,79.6,yuksek,Bu seranin normal calisma araliginin ustune cikiyor,"Sulama siklığini azalt, drenaji kontrol et",Ani kesinti su stresi yaratir,KALITATIF,"kapsama 0.90, aralik/deger %12",9.141,veri (sera p5-p95)
WC_slab2,6h,Digilog,ZARF,WC_slab2 < 53.500,53.5,dusuk,Bu seranin normal calisma araliginin altina iniyor,Sulama siklığini artir,Asiri sulama kok bolgesinde oksijen azaltir,KALITATIF,"kapsama 0.90, aralik/deger %12",9.141,veri (sera p5-p95)
WC_slab2,6h,IUACAAS,ZARF,WC_slab2 > 90.400,90.4,yuksek,Bu seranin normal calisma araliginin ustune cikiyor,"Sulama siklığini azalt, drenaji kontrol et",Ani kesinti su stresi yaratir,KALITATIF,"kapsama 0.90, aralik/deger %12",9.141,veri (sera p5-p95)
WC_slab2,6h,IUACAAS,ZARF,WC_slab2 < 60.600,60.6,dusuk,Bu seranin normal calisma araliginin altina iniyor,Sulama siklığini artir,Asiri sulama kok bolgesinde oksijen azaltir,KALITATIF,"kapsama 0.90, aralik/deger %12",9.141,veri (sera p5-p95)
WC_slab2,6h,Reference,ZARF,WC_slab2 > 94.200,94.2,yuksek,Bu seranin normal calisma araliginin ustune cikiyor,"Sulama siklığini azalt, drenaji kontrol et",Ani kesinti su stresi yaratir,KALITATIF,"kapsama 0.90, aralik/deger %12",9.141,veri (sera p5-p95)
WC_slab2,6h,Reference,ZARF,WC_slab2 < 74.200,74.2,dusuk,Bu seranin normal calisma araliginin altina iniyor,Sulama siklığini artir,Asiri sulama kok bolgesinde oksijen azaltir,KALITATIF,"kapsama 0.90, aralik/deger %12",9.141,veri (sera p5-p95)
WC_slab2,6h,TheAutomators,ZARF,WC_slab2 > 93.800,93.8,yuksek,Bu seranin normal calisma araliginin ustune cikiyor,"Sulama siklığini azalt, drenaji kontrol et",Ani kesinti su stresi yaratir,KALITATIF,"kapsama 0.90, aralik/deger %12",9.141,veri (sera p5-p95)
WC_slab2,6h,TheAutomators,ZARF,WC_slab2 < 68.800,68.8,dusuk,Bu seranin normal calisma araliginin altina iniyor,Sulama siklığini artir,Asiri sulama kok bolgesinde oksijen azaltir,KALITATIF,"kapsama 0.90, aralik/deger %12",9.141,veri (sera p5-p95)
WC_slab2,6h,TUMU,HASAR,WC_slab2 < 40.0,40.0,dusuk,"Substrat su icerigi kritik esigin altinda, kalici solma",Sulama siklığini artir,Asiri sulama kok bolgesinde oksijen azaltir,KALITATIF,"kapsama 0.90, aralik/deger %12",9.141,literatur (TASLAK — teyit edilecek)
t_slab1,3h,AICU,ZARF,t_slab1 > 25.400,25.4,yuksek,Bu seranin normal calisma araliginin ustune cikiyor,Sulama ile kok bolgesini serinlet,Su sicakligi ani dusurulmemeli,KALITATIF,"kapsama 0.87, aralik/deger %11",2.495,veri (sera p5-p95)
t_slab1,3h,AICU,ZARF,t_slab1 < 20.000,20.0,dusuk,Bu seranin normal calisma araliginin altina iniyor,Kok bolgesi isitmasini artir,"Substrat sicakligi yavas tepki verir, erken mudahale gerekir",KALITATIF,"kapsama 0.87, aralik/deger %11",2.495,veri (sera p5-p95)
t_slab1,3h,Automatoes,ZARF,t_slab1 > 29.400,29.4,yuksek,Bu seranin normal calisma araliginin ustune cikiyor,Sulama ile kok bolgesini serinlet,Su sicakligi ani dusurulmemeli,KALITATIF,"kapsama 0.87, aralik/deger %11",2.495,veri (sera p5-p95)
t_slab1,3h,Automatoes,ZARF,t_slab1 < 19.100,19.1,dusuk,Bu seranin normal calisma araliginin altina iniyor,Kok bolgesi isitmasini artir,"Substrat sicakligi yavas tepki verir, erken mudahale gerekir",KALITATIF,"kapsama 0.87, aralik/deger %11",2.495,veri (sera p5-p95)
t_slab1,3h,Digilog,ZARF,t_slab1 > 26.300,26.3,yuksek,Bu seranin normal calisma araliginin ustune cikiyor,Sulama ile kok bolgesini serinlet,Su sicakligi ani dusurulmemeli,KALITATIF,"kapsama 0.87, aralik/deger %11",2.495,veri (sera p5-p95)
t_slab1,3h,Digilog,ZARF,t_slab1 < 18.600,18.6,dusuk,Bu seranin normal calisma araliginin altina iniyor,Kok bolgesi isitmasini artir,"Substrat sicakligi yavas tepki verir, erken mudahale gerekir",KALITATIF,"kapsama 0.87, aralik/deger %11",2.495,veri (sera p5-p95)
t_slab1,3h,IUACAAS,ZARF,t_slab1 > 25.600,25.6,yuksek,Bu seranin normal calisma araliginin ustune cikiyor,Sulama ile kok bolgesini serinlet,Su sicakligi ani dusurulmemeli,KALITATIF,"kapsama 0.87, aralik/deger %11",2.495,veri (sera p5-p95)
t_slab1,3h,IUACAAS,ZARF,t_slab1 < 18.600,18.6,dusuk,Bu seranin normal calisma araliginin altina iniyor,Kok bolgesi isitmasini artir,"Substrat sicakligi yavas tepki verir, erken mudahale gerekir",KALITATIF,"kapsama 0.87, aralik/deger %11",2.495,veri (sera p5-p95)
t_slab1,3h,Reference,ZARF,t_slab1 > 27.200,27.2,yuksek,Bu seranin normal calisma araliginin ustune cikiyor,Sulama ile kok bolgesini serinlet,Su sicakligi ani dusurulmemeli,KALITATIF,"kapsama 0.87, aralik/deger %11",2.495,veri (sera p5-p95)
t_slab1,3h,Reference,ZARF,t_slab1 < 20.400,20.4,dusuk,Bu seranin normal calisma araliginin altina iniyor,Kok bolgesi isitmasini artir,"Substrat sicakligi yavas tepki verir, erken mudahale gerekir",KALITATIF,"kapsama 0.87, aralik/deger %11",2.495,veri (sera p5-p95)
t_slab1,3h,TheAutomators,ZARF,t_slab1 > 25.600,25.6,yuksek,Bu seranin normal calisma araliginin ustune cikiyor,Sulama ile kok bolgesini serinlet,Su sicakligi ani dusurulmemeli,KALITATIF,"kapsama 0.87, aralik/deger %11",2.495,veri (sera p5-p95)
t_slab1,3h,TheAutomators,ZARF,t_slab1 < 19.800,19.8,dusuk,Bu seranin normal calisma araliginin altina iniyor,Kok bolgesi isitmasini artir,"Substrat sicakligi yavas tepki verir, erken mudahale gerekir",KALITATIF,"kapsama 0.87, aralik/deger %11",2.495,veri (sera p5-p95)
t_slab1,3h,TUMU,HASAR,t_slab1 < 12.0,12.0,dusuk,Kok bolgesi cok soguk: su ve besin alimi durur,Kok bolgesi isitmasini artir,"Substrat sicakligi yavas tepki verir, erken mudahale gerekir",KALITATIF,"kapsama 0.87, aralik/deger %11",2.495,literatur (TASLAK — teyit edilecek)
t_slab1,3h,TUMU,HASAR,t_slab1 > 30.0,30.0,yuksek,"Kok bolgesi cok sicak: kok solunumu artar, oksijen azalir",Sulama ile kok bolgesini serinlet,Su sicakligi ani dusurulmemeli,KALITATIF,"kapsama 0.87, aralik/deger %11",2.495,literatur (TASLAK — teyit edilecek)
t_slab1,6h,AICU,ZARF,t_slab1 > 25.400,25.4,yuksek,Bu seranin normal calisma araliginin ustune cikiyor,Sulama ile kok bolgesini serinlet,Su sicakligi ani dusurulmemeli,KALITATIF,"kapsama 0.89, aralik/deger %14",3.143,veri (sera p5-p95)
t_slab1,6h,AICU,ZARF,t_slab1 < 20.000,20.0,dusuk,Bu seranin normal calisma araliginin altina iniyor,Kok bolgesi isitmasini artir,"Substrat sicakligi yavas tepki verir, erken mudahale gerekir",KALITATIF,"kapsama 0.89, aralik/deger %14",3.143,veri (sera p5-p95)
t_slab1,6h,Automatoes,ZARF,t_slab1 > 29.400,29.4,yuksek,Bu seranin normal calisma araliginin ustune cikiyor,Sulama ile kok bolgesini serinlet,Su sicakligi ani dusurulmemeli,KALITATIF,"kapsama 0.89, aralik/deger %14",3.143,veri (sera p5-p95)
t_slab1,6h,Automatoes,ZARF,t_slab1 < 19.100,19.1,dusuk,Bu seranin normal calisma araliginin altina iniyor,Kok bolgesi isitmasini artir,"Substrat sicakligi yavas tepki verir, erken mudahale gerekir",KALITATIF,"kapsama 0.89, aralik/deger %14",3.143,veri (sera p5-p95)
t_slab1,6h,Digilog,ZARF,t_slab1 > 26.300,26.3,yuksek,Bu seranin normal calisma araliginin ustune cikiyor,Sulama ile kok bolgesini serinlet,Su sicakligi ani dusurulmemeli,KALITATIF,"kapsama 0.89, aralik/deger %14",3.143,veri (sera p5-p95)
t_slab1,6h,Digilog,ZARF,t_slab1 < 18.600,18.6,dusuk,Bu seranin normal calisma araliginin altina iniyor,Kok bolgesi isitmasini artir,"Substrat sicakligi yavas tepki verir, erken mudahale gerekir",KALITATIF,"kapsama 0.89, aralik/deger %14",3.143,veri (sera p5-p95)
t_slab1,6h,IUACAAS,ZARF,t_slab1 > 25.600,25.6,yuksek,Bu seranin normal calisma araliginin ustune cikiyor,Sulama ile kok bolgesini serinlet,Su sicakligi ani dusurulmemeli,KALITATIF,"kapsama 0.89, aralik/deger %14",3.143,veri (sera p5-p95)
t_slab1,6h,IUACAAS,ZARF,t_slab1 < 18.600,18.6,dusuk,Bu seranin normal calisma araliginin altina iniyor,Kok bolgesi isitmasini artir,"Substrat sicakligi yavas tepki verir, erken mudahale gerekir",KALITATIF,"kapsama 0.89, aralik/deger %14",3.143,veri (sera p5-p95)
t_slab1,6h,Reference,ZARF,t_slab1 > 27.200,27.2,yuksek,Bu seranin normal calisma araliginin ustune cikiyor,Sulama ile kok bolgesini serinlet,Su sicakligi ani dusurulmemeli,KALITATIF,"kapsama 0.89, aralik/deger %14",3.143,veri (sera p5-p95)
t_slab1,6h,Reference,ZARF,t_slab1 < 20.400,20.4,dusuk,Bu seranin normal calisma araliginin altina iniyor,Kok bolgesi isitmasini artir,"Substrat sicakligi yavas tepki verir, erken mudahale gerekir",KALITATIF,"kapsama 0.89, aralik/deger %14",3.143,veri (sera p5-p95)
t_slab1,6h,TheAutomators,ZARF,t_slab1 > 25.600,25.6,yuksek,Bu seranin normal calisma araliginin ustune cikiyor,Sulama ile kok bolgesini serinlet,Su sicakligi ani dusurulmemeli,KALITATIF,"kapsama 0.89, aralik/deger %14",3.143,veri (sera p5-p95)
t_slab1,6h,TheAutomators,ZARF,t_slab1 < 19.800,19.8,dusuk,Bu seranin normal calisma araliginin altina iniyor,Kok bolgesi isitmasini artir,"Substrat sicakligi yavas tepki verir, erken mudahale gerekir",KALITATIF,"kapsama 0.89, aralik/deger %14",3.143,veri (sera p5-p95)
t_slab1,6h,TUMU,HASAR,t_slab1 < 12.0,12.0,dusuk,Kok bolgesi cok soguk: su ve besin alimi durur,Kok bolgesi isitmasini artir,"Substrat sicakligi yavas tepki verir, erken mudahale gerekir",KALITATIF,"kapsama 0.89, aralik/deger %14",3.143,literatur (TASLAK — teyit edilecek)
t_slab1,6h,TUMU,HASAR,t_slab1 > 30.0,30.0,yuksek,"Kok bolgesi cok sicak: kok solunumu artar, oksijen azalir",Sulama ile kok bolgesini serinlet,Su sicakligi ani dusurulmemeli,KALITATIF,"kapsama 0.89, aralik/deger %14",3.143,literatur (TASLAK — teyit edilecek)
t_slab2,3h,AICU,ZARF,t_slab2 > 25.800,25.8,yuksek,Bu seranin normal calisma araliginin ustune cikiyor,Sulama ile kok bolgesini serinlet,Su sicakligi ani dusurulmemeli,KALITATIF,"kapsama 0.87, aralik/deger %12",2.676,veri (sera p5-p95)
t_slab2,3h,AICU,ZARF,t_slab2 < 20.300,20.3,dusuk,Bu seranin normal calisma araliginin altina iniyor,Kok bolgesi isitmasini artir,"Substrat sicakligi yavas tepki verir, erken mudahale gerekir",KALITATIF,"kapsama 0.87, aralik/deger %12",2.676,veri (sera p5-p95)
t_slab2,3h,Automatoes,ZARF,t_slab2 > 29.800,29.8,yuksek,Bu seranin normal calisma araliginin ustune cikiyor,Sulama ile kok bolgesini serinlet,Su sicakligi ani dusurulmemeli,KALITATIF,"kapsama 0.87, aralik/deger %12",2.676,veri (sera p5-p95)
t_slab2,3h,Automatoes,ZARF,t_slab2 < 19.000,19.0,dusuk,Bu seranin normal calisma araliginin altina iniyor,Kok bolgesi isitmasini artir,"Substrat sicakligi yavas tepki verir, erken mudahale gerekir",KALITATIF,"kapsama 0.87, aralik/deger %12",2.676,veri (sera p5-p95)
t_slab2,3h,Digilog,ZARF,t_slab2 > 26.800,26.8,yuksek,Bu seranin normal calisma araliginin ustune cikiyor,Sulama ile kok bolgesini serinlet,Su sicakligi ani dusurulmemeli,KALITATIF,"kapsama 0.87, aralik/deger %12",2.676,veri (sera p5-p95)
t_slab2,3h,Digilog,ZARF,t_slab2 < 18.400,18.4,dusuk,Bu seranin normal calisma araliginin altina iniyor,Kok bolgesi isitmasini artir,"Substrat sicakligi yavas tepki verir, erken mudahale gerekir",KALITATIF,"kapsama 0.87, aralik/deger %12",2.676,veri (sera p5-p95)
t_slab2,3h,IUACAAS,ZARF,t_slab2 > 26.400,26.4,yuksek,Bu seranin normal calisma araliginin ustune cikiyor,Sulama ile kok bolgesini serinlet,Su sicakligi ani dusurulmemeli,KALITATIF,"kapsama 0.87, aralik/deger %12",2.676,veri (sera p5-p95)
t_slab2,3h,IUACAAS,ZARF,t_slab2 < 18.300,18.3,dusuk,Bu seranin normal calisma araliginin altina iniyor,Kok bolgesi isitmasini artir,"Substrat sicakligi yavas tepki verir, erken mudahale gerekir",KALITATIF,"kapsama 0.87, aralik/deger %12",2.676,veri (sera p5-p95)
t_slab2,3h,Reference,ZARF,t_slab2 > 27.300,27.3,yuksek,Bu seranin normal calisma araliginin ustune cikiyor,Sulama ile kok bolgesini serinlet,Su sicakligi ani dusurulmemeli,KALITATIF,"kapsama 0.87, aralik/deger %12",2.676,veri (sera p5-p95)
t_slab2,3h,Reference,ZARF,t_slab2 < 20.400,20.4,dusuk,Bu seranin normal calisma araliginin altina iniyor,Kok bolgesi isitmasini artir,"Substrat sicakligi yavas tepki verir, erken mudahale gerekir",KALITATIF,"kapsama 0.87, aralik/deger %12",2.676,veri (sera p5-p95)
t_slab2,3h,TheAutomators,ZARF,t_slab2 > 25.100,25.1,yuksek,Bu seranin normal calisma araliginin ustune cikiyor,Sulama ile kok bolgesini serinlet,Su sicakligi ani dusurulmemeli,KALITATIF,"kapsama 0.87, aralik/deger %12",2.676,veri (sera p5-p95)
t_slab2,3h,TheAutomators,ZARF,t_slab2 < 19.700,19.7,dusuk,Bu seranin normal calisma araliginin altina iniyor,Kok bolgesi isitmasini artir,"Substrat sicakligi yavas tepki verir, erken mudahale gerekir",KALITATIF,"kapsama 0.87, aralik/deger %12",2.676,veri (sera p5-p95)
t_slab2,3h,TUMU,HASAR,t_slab2 < 12.0,12.0,dusuk,Kok bolgesi cok soguk: su ve besin alimi durur,Kok bolgesi isitmasini artir,"Substrat sicakligi yavas tepki verir, erken mudahale gerekir",KALITATIF,"kapsama 0.87, aralik/deger %12",2.676,literatur (TASLAK — teyit edilecek)
t_slab2,3h,TUMU,HASAR,t_slab2 > 30.0,30.0,yuksek,"Kok bolgesi cok sicak: kok solunumu artar, oksijen azalir",Sulama ile kok bolgesini serinlet,Su sicakligi ani dusurulmemeli,KALITATIF,"kapsama 0.87, aralik/deger %12",2.676,literatur (TASLAK — teyit edilecek)
t_slab2,6h,AICU,ZARF,t_slab2 > 25.800,25.8,yuksek,Bu seranin normal calisma araliginin ustune cikiyor,Sulama ile kok bolgesini serinlet,Su sicakligi ani dusurulmemeli,KALITATIF,"kapsama 0.90, aralik/deger %16",3.505,veri (sera p5-p95)
t_slab2,6h,AICU,ZARF,t_slab2 < 20.300,20.3,dusuk,Bu seranin normal calisma araliginin altina iniyor,Kok bolgesi isitmasini artir,"Substrat sicakligi yavas tepki verir, erken mudahale gerekir",KALITATIF,"kapsama 0.90, aralik/deger %16",3.505,veri (sera p5-p95)
t_slab2,6h,Automatoes,ZARF,t_slab2 > 29.800,29.8,yuksek,Bu seranin normal calisma araliginin ustune cikiyor,Sulama ile kok bolgesini serinlet,Su sicakligi ani dusurulmemeli,KALITATIF,"kapsama 0.90, aralik/deger %16",3.505,veri (sera p5-p95)
t_slab2,6h,Automatoes,ZARF,t_slab2 < 19.000,19.0,dusuk,Bu seranin normal calisma araliginin altina iniyor,Kok bolgesi isitmasini artir,"Substrat sicakligi yavas tepki verir, erken mudahale gerekir",KALITATIF,"kapsama 0.90, aralik/deger %16",3.505,veri (sera p5-p95)
t_slab2,6h,Digilog,ZARF,t_slab2 > 26.800,26.8,yuksek,Bu seranin normal calisma araliginin ustune cikiyor,Sulama ile kok bolgesini serinlet,Su sicakligi ani dusurulmemeli,KALITATIF,"kapsama 0.90, aralik/deger %16",3.505,veri (sera p5-p95)
t_slab2,6h,Digilog,ZARF,t_slab2 < 18.400,18.4,dusuk,Bu seranin normal calisma araliginin altina iniyor,Kok bolgesi isitmasini artir,"Substrat sicakligi yavas tepki verir, erken mudahale gerekir",KALITATIF,"kapsama 0.90, aralik/deger %16",3.505,veri (sera p5-p95)
t_slab2,6h,IUACAAS,ZARF,t_slab2 > 26.400,26.4,yuksek,Bu seranin normal calisma araliginin ustune cikiyor,Sulama ile kok bolgesini serinlet,Su sicakligi ani dusurulmemeli,KALITATIF,"kapsama 0.90, aralik/deger %16",3.505,veri (sera p5-p95)
t_slab2,6h,IUACAAS,ZARF,t_slab2 < 18.300,18.3,dusuk,Bu seranin normal calisma araliginin altina iniyor,Kok bolgesi isitmasini artir,"Substrat sicakligi yavas tepki verir, erken mudahale gerekir",KALITATIF,"kapsama 0.90, aralik/deger %16",3.505,veri (sera p5-p95)
t_slab2,6h,Reference,ZARF,t_slab2 > 27.300,27.3,yuksek,Bu seranin normal calisma araliginin ustune cikiyor,Sulama ile kok bolgesini serinlet,Su sicakligi ani dusurulmemeli,KALITATIF,"kapsama 0.90, aralik/deger %16",3.505,veri (sera p5-p95)
t_slab2,6h,Reference,ZARF,t_slab2 < 20.400,20.4,dusuk,Bu seranin normal calisma araliginin altina iniyor,Kok bolgesi isitmasini artir,"Substrat sicakligi yavas tepki verir, erken mudahale gerekir",KALITATIF,"kapsama 0.90, aralik/deger %16",3.505,veri (sera p5-p95)
t_slab2,6h,TheAutomators,ZARF,t_slab2 > 25.100,25.1,yuksek,Bu seranin normal calisma araliginin ustune cikiyor,Sulama ile kok bolgesini serinlet,Su sicakligi ani dusurulmemeli,KALITATIF,"kapsama 0.90, aralik/deger %16",3.505,veri (sera p5-p95)
t_slab2,6h,TheAutomators,ZARF,t_slab2 < 19.700,19.7,dusuk,Bu seranin normal calisma araliginin altina iniyor,Kok bolgesi isitmasini artir,"Substrat sicakligi yavas tepki verir, erken mudahale gerekir",KALITATIF,"kapsama 0.90, aralik/deger %16",3.505,veri (sera p5-p95)
t_slab2,6h,TUMU,HASAR,t_slab2 < 12.0,12.0,dusuk,Kok bolgesi cok soguk: su ve besin alimi durur,Kok bolgesi isitmasini artir,"Substrat sicakligi yavas tepki verir, erken mudahale gerekir",KALITATIF,"kapsama 0.90, aralik/deger %16",3.505,literatur (TASLAK — teyit edilecek)
t_slab2,6h,TUMU,HASAR,t_slab2 > 30.0,30.0,yuksek,"Kok bolgesi cok sicak: kok solunumu artar, oksijen azalir",Sulama ile kok bolgesini serinlet,Su sicakligi ani dusurulmemeli,KALITATIF,"kapsama 0.90, aralik/deger %16",3.505,literatur (TASLAK — teyit edilecek)
